age,overall_rating,potential,id,height,weight,foot,best_overall,best_position,growth,value,wage,release_clause,total_attacking,crossing,finishing,heading_accuracy,short_passing,volleys,total_skill,dribbling,curve,fk_accuracy,long_passing,ball_control,total_movement,acceleration,sprint_speed,agility,reactions,balance,total_power,shot_power,jumping,stamina,strength,long_shots,total_mentality,aggression,interceptions,att._position,vision,penalties,composure,total_defending,defensive_awareness,standing_tackle,sliding_tackle,total_goalkeeping,gk_diving,gk_handling,gk_kicking,gk_positioning,gk_reflexes,total_stats,base_stats,international_reputation,pace_diving,shooting_handling,passing_kicking,dribbling_reflexes,defending_pace,player_name,position,no_of_playable_positions,team,contract_start,contract_end
23,82,86,231410,"170cm / 5'7""",68kg / 150lbs,Right,84,CAM,4,43500000.0,145000.0,92400000.0,328,75.0,76.0,30.0,83.0,64,379,84.0,74,61.0,75.0,85.0,429,85.0,85,89.0,79.0,91.0,332,73.0,60.0,68.0,55.0,76.0,294,44.0,33.0,78.0,81.0,58,79.0,84,40.0,23.0,21.0,51,13.0,9.0,13.0,10.0,6.0,1897,409,1,85,74,78,85,31,Brahim,CAM,1,Real Madrid,2019,2027
24,82,87,235790,"193cm / 6'4""",82kg / 181lbs,Left,85,CAM,5,46000000.0,110000.0,88600000.0,404,74.0,83.0,83.0,84.0,80,385,84.0,84,53.0,79.0,85.0,382,75.0,81,75.0,83.0,68.0,385,76.0,84.0,77.0,70.0,78.0,347,56.0,43.0,84.0,81.0,83,84.0,133,45.0,47.0,41.0,47,6.0,8.0,11.0,10.0,12.0,2083,440,3,78,81,79,83,49,K. Havertz,"CAM, CM, ST",3,Arsenal,2023,2028
20,88,92,252371,"186cm / 6'1""",75kg / 165lbs,Right,90,CAM,4,128500000.0,230000.0,273100000.0,385,66.0,87.0,69.0,89.0,74,391,88.0,73,56.0,87.0,87.0,411,81.0,80,82.0,89.0,79.0,408,79.0,81.0,93.0,75.0,80.0,406,85.0,82.0,88.0,87.0,64,85.0,233,77.0,79.0,77.0,48,14.0,11.0,10.0,5.0,8.0,2282,490,4,80,82,81,87,78,J. Bellingham,"CAM, CM",2,Real Madrid,2023,2029
23,83+1,87+1,233731,"192cm / 6'4""",77kg / 170lbs,Right,85,ST,4,52500000.0,130000.0,103700000.0,386,66.0,86.0,77.0,78.0,79,367,87.0,70,65.0,59.0,86.0,403,82.0,85,81.0,82.0,73.0,397,82.0,88.0,75.0,76.0,76.0,342,58.0,38.0,84.0,79.0,83,84.0,98,35.0,34.0,29.0,40,7.0,6.0,9.0,7.0,11.0,2033,436,2,84,83,72,85,39,A. Isak,"ST, LW",2,Newcastle United,2022,2028
21,79+2,87+3,257534,"189cm / 6'2""",74kg / 163lbs,Left,82,CAM,8,39500000.0,76000.0,83000000.0,343,70.0,80.0,48.0,82.0,63+8,376,81.0,77+3,64.0,71.0,83.0,377,72.0,77+1,78.0,80.0,70.0,342,75.0,62.0,75.0,58.0,72.0,347,57.0,43.0,80.0,82.0,85+5,84.0,144,0.0,52.0,45.0,51,7.0,6.0,10.0,14.0,14.0,1980,420,1,75,77,77,81,48,C. Palmer,"RM, RW, CAM",3,Chelsea,2023,2030
17,80+1,90,270673,"178cm / 5'10""",68kg / 150lbs,Right,82,CM,10,43500000.0,11000.0,89200000.0,329,66.0,66.0,66.0,82.0,49,357,78.0,64,53.0,81.0,81.0,395,80.0,78,74.0,79.0,84.0,384,76.0,80.0,84.0,75.0,69.0,369,76.0,78.0,76.0,80.0,59,77.0,224,71.0,80.0,73.0,55,14.0,11.0,7.0,8.0,15.0,2113,455,1,79,68,76,79,75,W. Zaïre-Emery,"CM, CDM",2,Paris Saint Germain,2022,2025
25,82+1,87+1,241651,"187cm / 6'2""",90kg / 198lbs,Right,84,ST,5,45000000.0,22000.0,93400000.0,371,61.0,85.0,78.0,73.0,74,342,81.0,70,59.0,52.0,80.0,403,85.0,88+2,70.0,79.0,81.0,434,85.0,0.0,93.0,90.0,72.0,346,82.0,28.0,83.0,74.0,79+9,79.0,84,34.0,34.0,16.0,56,10.0,13.0,11.0,14.0,8.0,2036,438,1,87,81,67,79,35,V. Gyökeres,ST,1,Sporting CP,2023,2028
20,87,92,256630,"177cm / 5'10""",71kg / 157lbs,Right,89,CAM,5,118500000.0,77000.0,210300000.0,367,82.0,79.0,42.0,90.0,74,407,87.0,80,64.0,86.0,90.0,420,81.0,80,87.0,86.0,86.0,347,75.0,61.0,83.0,53.0,75.0,340,63.0,44.0,83.0,90.0,60,84.0,151,58.0,49.0,44.0,57,14.0,14.0,13.0,6.0,10.0,2089,443,3,80,76,86,88,50,F. Wirtz,CAM,1,Bayer 04 Leverkusen,2020,2027
22,89,94,238794,"176cm / 5'9""",73kg / 161lbs,Right,90,CAM,5,158500000.0,310000.0,336800000.0,373,79.0,89.0,50.0,82.0,73+1,400,92.0,79+2,62.0,77.0,90.0,454,95.0,95,94.0,86.0,84.0,380,77.0,74.0,84.0,65.0,80.0,323,58.0,26.0,87.0,83.0,69+4,83.0,75,32.0,25.0,18.0,36,5.0,7.0,7.0,7.0,10.0,2041,446,5,95,83,80,90,29,Vini Jr.,"LW, ST",2,Real Madrid,2018,2027
22,81,88,237681,"173cm / 5'8""",64kg / 141lbs,Left,83,CAM,7,52500000.0,40000.0,120800000.0,352,77.0,81.0,49.0,78.0,67,391,84.0,75,74.0,74.0,84.0,416,89.0,79,86.0,79.0,83.0,348,73.0,69.0,74.0,58.0,74.0,289,43.0,28.0,79.0,76.0,63,72.0,129,40.0,43.0,46.0,48,6.0,7.0,15.0,10.0,10.0,1973,419,3,84,76,76,83,40,T. Kubo,"RW, ST, RM",3,Real Sociedad,2022,2029
21,80,87,251852,"180cm / 5'11""",77kg / 170lbs,Left,81,LM,7,43000000.0,38000.0,81700000.0,366,72.0,79.0,70.0,74.0,71,358,82.0,67,62.0,67.0,80.0,438,96.0,96,87.0,78.0,81.0,383,76.0,90.0,76.0,67.0,74.0,309,59.0,31.0,77.0,72.0,70,76.0,94,25.0,34.0,35.0,50,12.0,12.0,7.0,12.0,7.0,1998,427,2,96,76,71,81,34,K. Adeyemi,"LM, ST",2,Borussia Dortmund,2022,2027
27,82+1,82+1,215441,"187cm / 6'2""",82kg / 181lbs,Right,82,ST,0,33000000.0,41000.0,56100000.0,379,56.0,86.0,80.0,78.0,79+1,359,80.0,66,67.0,63.0,83.0,355,66.0,68,67.0,83.0,71.0,403,84.0,85.0,73.0,83.0,78.0,343,73.0,29.0,86.0,70.0,85,87.0,105,42.0,29.0,34.0,51,11.0,8.0,12.0,12.0,8.0,1995,418,2,67,84,69,80,39,S. Guirassy,ST,1,VfB Stuttgart,2023,2026
24,87,88,234378,"185cm / 6'1""",80kg / 176lbs,Right,87,CDM,1,88500000.0,150000.0,170400000.0,343,72.0,64.0,72.0,85.0,50,388,82.0,72,65.0,86.0,83.0,346,68.0,74,55.0,84.0,65.0,397,78.0,79.0,91.0,79.0,70.0,381,85.0,86.0,61.0,78.0,71,83.0,256,85.0,86.0,85.0,47,8.0,11.0,14.0,5.0,9.0,2158,465,3,71,68,80,79,84,D. Rice,"CDM, CM",2,Arsenal,2023,2028
20,83,90,248243,"182cm / 6'0""",68kg / 150lbs,Left,86,CM,7,71500000.0,135000.0,160900000.0,350,77.0,64.0,64.0,86.0,59,385,84.0,72,59.0,84.0,86.0,401,78.0,79,82.0,82.0,80.0,389,73.0,81.0,84.0,81.0,70.0,379,79.0,82.0,73.0,83.0,62,84.0,239,76.0,82.0,81.0,50,12.0,6.0,8.0,12.0,12.0,2193,470,3,79,67,81,84,78,E. Camavinga,"CM, CDM, LB",3,Real Madrid,2021,2029
23,81,85,233049,"180cm / 5'11""",76kg / 168lbs,Right,85,CAM,4,37000000.0,110000.0,0.0,356,77.0,76.0,38.0,85.0,80,392,89.0,84,65.0,68.0,86.0,411,81.0,75,89.0,77.0,89.0,272,63.0,53.0,55.0,42.0,59.0,296,25.0,31.0,82.0,84.0,74,85.0,85,30.0,30.0,25.0,52,7.0,11.0,10.0,11.0,13.0,1864,388,3,78,70,80,87,31,J. Sancho,"LM, RM",2,Borussia Dortmund,0,0
27,84,85,229391,"190cm / 6'3""",85kg / 187lbs,Right,86,CB,1,43000000.0,110000.0,84900000.0,339,60.0,66.0,79.0,79.0,55,349,77.0,66,45.0,80.0,81.0,331,63.0,67,64.0,80.0,57.0,412,81.0,86.0,88.0,90.0,67.0,376,95.0,83.0,69.0,72.0,57,84.0,259,84.0,88.0,87.0,46,14.0,10.0,8.0,7.0,7.0,2112,456,2,65,68,72,76,85,Palhinha,CDM,1,Fulham,2022,2028
21,80,88,247827,"184cm / 6'0""",73kg / 161lbs,Left,82,CAM,8,47500000.0,37000.0,99800000.0,338,80.0,77.0,36.0,80.0,65+3,399,84.0,80,76.0,77.0,82.0,413,82.0,79,91.0,75.0,86.0,317,76.0,55.0,68.0,46.0,72.0,345,68.0,50.0,75.0,83.0,69+2,79.0,159,52.0,56.0,51.0,49,9.0,11.0,9.0,10.0,10.0,2020,426,1,80,75,80,84,51,M. Olise,"RM, RW, CAM",3,Crystal Palace,2021,2027
26,84,86,237086,"190cm / 6'3""",86kg / 190lbs,Right,86,CB,2,46000000.0,82000.0,79400000.0,238,35.0,23.0,81.0,75.0,24,248,57.0,36,23.0,64.0,68.0,371,75.0,84,65.0,82.0,65.0,336,51.0,84.0,77.0,87.0,37.0,304,84.0,85.0,48.0,57.0,30,74.0,258,86.0,87.0,85.0,56,13.0,7.0,11.0,14.0,11.0,1811,404,2,80,33,57,64,86,Kim Min Jae,CB,1,FC Bayern München,2023,2028
22,86,92,247635,"183cm / 6'0""",70kg / 154lbs,Right,87,CAM,6,109000000.0,95000.0,207100000.0,368,78.0,81.0,62.0,83.0,64,401,90.0,82,65.0,76.0,88.0,417,85.0,86,86.0,84.0,76.0,388,78.0,78.0,79.0,70.0,83.0,335,62.0,40.0,82.0,86.0,65,79.0,111,38.0,39.0,34.0,54,9.0,15.0,8.0,14.0,8.0,2074,445,2,86,79,81,87,41,K. Kvaratskhelia,"LW, RW",2,Napoli,2022,2027
22,81+1,86,247679,"190cm / 6'3""",91kg / 201lbs,Right,83,ST,5,40000000.0,60000.0,71000000.0,355,48.0,80.0,77.0,75.0,75+4,355,84.0,70+9,58.0,60.0,83.0,352,69.0,79,68.0,78.0,58.0,412,86.0,87.0,73.0,88.0,78.0,337,79.0,33.0,84.0,71.0,70,78.0,95,38.0,31.0,26.0,45,14.0,5.0,7.0,7.0,12.0,1951,420,1,75,80,65,80,38,V. Boniface,ST,1,Bayer 04 Leverkusen,2023,2028
22,91,94,239085,"195cm / 6'5""",94kg / 207lbs,Left,93,ST,3,185000000.0,340000.0,356100000.0,393,47.0,96.0,83.0,77.0,90,363,79.0,77,62.0,63.0,82.0,420,82.0,94,78.0,94.0,72.0,442,94.0,93.0,76.0,93.0,86.0,386,87.0,43.0,96.0,74.0,86,87.0,114,38.0,47.0,29.0,52,7.0,14.0,13.0,11.0,7.0,2170,464,5,89,93,68,81,45,E. Haaland,ST,1,Manchester City,2022,2027
24,91,94,231747,"182cm / 6'0""",75kg / 165lbs,Right,93,ST,3,181500000.0,230000.0,349400000.0,415,78.0,94.0,73.0,86.0,84,405,93.0,80,69.0,71.0,92.0,462,97.0,97,93.0,93.0,82.0,426,90.0,88.0,88.0,77.0,83.0,362,64.0,38.0,93.0,83.0,84,88.0,92,26.0,34.0,32.0,42,13.0,5.0,7.0,11.0,6.0,2204,473,5,97,90,80,92,36,K. Mbappé,"ST, LW",2,Paris Saint Germain,2018,2024
19,79,87-1,270086,"187cm / 6'2""",82kg / 181lbs,Right,81,CB,8,35500000.0,8000.0,78100000.0,281,45.0,31.0,77.0,0.0,51,280,69.0,36,26.0,0.0,73.0,352,77.0,81,57.0,79.0,58.0,331,60.0,83.0,83.0,83.0,22.0,291,0.0,0.0,34.0,0.0,40,77.0,239,80.0,81.0,78.0,44,12.0,10.0,8.0,6.0,8.0,1818,408,2,79,37,64,69,79,António Silva,CB,1,Benfica,2022,2027
23,83,87,246191,"170cm / 5'7""",71kg / 157lbs,Right,84,CAM,4,52500000.0,150000.0,101100000.0,383,77.0,83.0,69.0,78.0,76,406,83.0,84,80.0,74.0,85.0,425,85.0,80,87.0,86.0,87.0,404,86.0,80.0,85.0,70.0,83.0,374,84.0,52.0,84.0,81.0,73,84.0,161,60.0,55.0,46.0,45,6.0,10.0,8.0,15.0,6.0,2198,460,2,82,83,78,84,56,J. Álvarez,"CF, ST, CAM",3,Manchester City,2022,2028
36,90,90,158023,"169cm / 5'7""",67kg / 148lbs,Left,91,CAM,0,41000000.0,23000.0,61500000.0,409,83.0,89.0,60.0,91.0,86,465,96.0,93,93.0,90.0,93.0,435,87.0,74,91.0,88.0,95.0,382,83.0,71.0,70.0,68.0,90.0,342,44.0,40.0,91.0,92.0,75,96.0,79,20.0,35.0,24.0,54,6.0,11.0,15.0,14.0,8.0,2166,448,5,80,87,90,94,33,L. Messi,"CF, CAM",2,Inter Miami,2023,2025
20,82,89,245367,"179cm / 5'10""",61kg / 134lbs,Right,84,CAM,7,60500000.0,71000.0,0.0,356,74.0,78.0,60.0,82.0,62,393,85.0,82,65.0,76.0,85.0,428,89.0,85,89.0,81.0,84.0,380,78.0,71.0,84.0,67.0,80.0,361,79.0,65.0,75.0,81.0,61,78.0,178,60.0,62.0,56.0,43,9.0,11.0,5.0,8.0,10.0,2139,462,2,87,77,78,85,61,X. Simons,"CAM, LW, LM",3,RB Leipzig,0,0
20,81,86,259583,"186cm / 6'1""",73kg / 161lbs,Left,81,LB,5,35500000.0,62000.0,70100000.0,341,78.0,64.0,64.0,77.0,58,340,80.0,64,51.0,65.0,80.0,403,86.0,89,80.0,78.0,70.0,377,74.0,83.0,83.0,78.0,59.0,356,79.0,77.0,79.0,75.0,46,78.0,230,75.0,79.0,76.0,57,8.0,14.0,11.0,10.0,14.0,2104,461,1,88,65,73,79,76,D. Udogie,LB,1,Tottenham Hotspur,2022,2030
22,82,87,236772,"186cm / 6'1""",74kg / 163lbs,Right,84,CAM,5,47000000.0,110000.0,90500000.0,390,85.0,77.0,60.0,83.0,85,424,83.0,90,87.0,81.0,83.0,393,78.0,87,80.0,80.0,68.0,399,89.0,74.0,82.0,67.0,87.0,362,63.0,57.0,79.0,84.0,79,82.0,173,58.0,61.0,54.0,49,10.0,10.0,13.0,10.0,6.0,2190,460,2,83,82,84,82,59,D. Szoboszlai,"CAM, CM",2,Liverpool,2023,2028
24,86,91,241721,"188cm / 6'2""",81kg / 179lbs,Right,86,LW,5,102500000.0,110000.0,181900000.0,379,78.0,82.0,65.0,80.0,74,381,90.0,80,60.0,63.0,88.0,437,94.0,94,85.0,84.0,80.0,397,80.0,86.0,77.0,80.0,74.0,304,60.0,24.0,82.0,75.0,63,83.0,67,22.0,24.0,21.0,57,10.0,12.0,15.0,11.0,9.0,2022,439,2,94,79,75,88,27,Rafael Leão,"LW, CF, LM",3,Milan,2019,2028
19,80,88,270409,"176cm / 5'9""",71kg / 157lbs,Left,81,CAM,8,45500000.0,7000.0,0.0,341,80.0,76.0,45.0,77.0,63,368,86.0,78,55.0,67.0,82.0,412,88.0,87,88.0,73.0,76.0,315,69.0,61.0,73.0,45.0,67.0,284,45.0,25.0,76.0,76.0,62,70.0,92,26.0,30.0,36.0,50,9.0,12.0,8.0,9.0,12.0,1862,399,1,87,71,75,83,30,Sávio,"LM, CF, LW",3,Girona,0,0
24,88,91,239053,"182cm / 6'0""",78kg / 172lbs,Right,90,CM,3,124000000.0,270000.0,263500000.0,380,78.0,78.0,63.0,87.0,74+4,402,83.0,74,69.0,88.0,88.0,409,84.0,91,77.0,89.0,68.0,427,89.0,82.0,89.0,80.0,87.0,395,81.0,83.0,86.0,86.0,59,84.0,244,79.0,85.0,80.0,45,6.0,10.0,6.0,15.0,8.0,2302,500,3,88,81,84,84,80,F. Valverde,"CM, RW",2,Real Madrid,2016,2029
22,80,88,245371,"171cm / 5'7""",62kg / 137lbs,Right,83,CAM,8,47500000.0,11000.0,80800000.0,329,66.0,72.0,39.0,79.0,73,408,82.0,85,84.0,73.0,84.0,431,91.0,81,92.0,74.0,93.0,337,75.0,57.0,75.0,55.0,75.0,354,64.0,58.0,81.0,76.0,75,81.0,152,44.0,57.0,51.0,47,12.0,8.0,9.0,8.0,10.0,2058,432,3,86,74,75,84,51,T. Almada,"CAM, CM, CF",3,Atlanta United,2022,2026
24,83,87,253072,"187cm / 6'2""",81kg / 179lbs,Right,86,ST,4,52500000.0,130000.0,101100000.0,382,69.0,81.0,80.0,74.0,78,362,79.0,75,61.0,68.0,79.0,408,88.0,92,78.0,84.0,66.0,430,86.0,94.0,88.0,85.0,77.0,371,84.0,44.0,87.0,78.0,78,78.0,122,39.0,47.0,36.0,59,14.0,10.0,12.0,10.0,13.0,2134,453,3,90,81,72,78,46,D. Núñez,"ST, LW",2,Liverpool,2022,2028
21,79,86,256197,"183cm / 6'0""",77kg / 170lbs,Left,81,CB,7,33000000.0,36000.0,62700000.0,284,55.0,40.0,78.0,78.0,33,305,70.0,56,32.0,74.0,73.0,385,79.0,85,75.0,78.0,68.0,320,50.0,88.0,74.0,77.0,31.0,298,80.0,77.0,55.0,53.0,33,76.0,242,79.0,79.0,84.0,49,9.0,15.0,10.0,6.0,9.0,1883,414,2,82,40,64,72,79,P. Hincapié,CB,1,Bayer 04 Leverkusen,2021,2027
21,80,87,257179,"185cm / 6'1""",78kg / 172lbs,Left,82,CB,7,40000000.0,12000.0,88000000.0,259,30.0,23.0,82.0,79.0,45,274,63.0,29,27.0,82.0,73.0,364,78.0,81,73.0,77.0,55.0,336,67.0,84.0,78.0,79.0,28.0,319,78.0,78.0,48.0,75.0,40,75.0,243,82.0,82.0,79.0,36,6.0,6.0,7.0,10.0,7.0,1831,408,1,80,36,64,68,81,Gonçalo Inácio,CB,1,Sporting CP,2019,2027
29,90,90,202126,"188cm / 6'2""",85kg / 187lbs,Right,90,ST,0,119500000.0,170000.0,197200000.0,440,80.0,95.0,89.0,87.0,89,404,82.0,82,65.0,88.0,87.0,369,67.0,70,66.0,93.0,73.0,433,93.0,87.0,81.0,85.0,87.0,395,80.0,42.0,94.0,87.0,92,92.0,130,46.0,46.0,38.0,54,8.0,10.0,11.0,14.0,11.0,2225,461,5,69,93,84,83,49,H. Kane,ST,1,FC Bayern München,2023,2027
25,83,84,231677,"186cm / 6'1""",70kg / 154lbs,Right,83,LM,1,43500000.0,140000.0,85900000.0,377,74.0,81.0,71.0,78.0,73,394,85.0,80,75.0,72.0,82.0,408,88.0,91,80.0,80.0,69.0,388,93.0,82.0,70.0,65.0,78.0,326,54.0,27.0,83.0,77.0,85,76.0,83,30.0,29.0,24.0,53,11.0,6.0,15.0,7.0,14.0,2029,429,3,90,83,76,82,33,M. Rashford,"LM, LW, ST",3,Manchester United,2015,2028
20,86,93,256790,"184cm / 6'0""",72kg / 159lbs,Right,88,CAM,7,134500000.0,79000.0,248800000.0,347,67.0,79.0,49.0,82.0,70,380,94.0,69,51.0,77.0,89.0,440,84.0,86,93.0,85.0,92.0,344,73.0,65.0,78.0,53.0,75.0,342,59.0,65.0,81.0,82.0,55,84.0,195,64.0,63.0,68.0,42,6.0,9.0,8.0,8.0,11.0,2090,451,3,85,75,76,91,63,J. Musiala,"CAM, LM, CM",3,FC Bayern München,2020,2026
24,87,90,222665,"178cm / 5'10""",68kg / 150lbs,Left,89,CAM,3,108000000.0,170000.0,207900000.0,393,86.0,83.0,55.0,90.0,79,433,87.0,84,85.0,88.0,89.0,400,74.0,71,85.0,87.0,83.0,373,82.0,66.0,85.0,56.0,84.0,372,64.0,67.0,83.0,90.0,68,87.0,187,68.0,62.0,57.0,62,14.0,15.0,15.0,8.0,10.0,2220,458,4,72,82,88,87,64,M. Ødegaard,CM,1,Arsenal,2021,2028
21,86,90,246669,"178cm / 5'10""",65kg / 143lbs,Left,87,LM,4,99000000.0,150000.0,190600000.0,375,85.0,84.0,45.0,82.0,79,399,89.0,84,69.0,69.0,88.0,428,88.0,82,85.0,85.0,88.0,381,79.0,70.0,86.0,63.0,83.0,381,68.0,62.0,82.0,85.0,84,81.0,182,60.0,62.0,60.0,50,7.0,8.0,13.0,9.0,13.0,2196,466,2,85,82,81,88,60,B. Saka,RW,1,Arsenal,2018,2027
19,81,89,263578,"175cm / 5'9""",69kg / 152lbs,Left,81,LB,8,53000000.0,70000.0,119300000.0,308,79.0,51.0,66.0,80.0,32,311,77.0,56,28.0,70.0,80.0,414,90.0,91,81.0,78.0,74.0,309,53.0,79.0,75.0,63.0,39.0,298,47.0,75.0,63.0,72.0,41,64.0,231,72.0,80.0,79.0,43,5.0,8.0,7.0,10.0,13.0,1914,429,2,91,48,73,78,75,Balde,"LB, RB, LM",3,FC Barcelona,2021,2028
26,86,87,224232,"172cm / 5'8""",68kg / 150lbs,Right,86,CM,1,79500000.0,135000.0,141100000.0,378,79.0,78.0,53.0,88.0,80,399,81.0,79,67.0,85.0,87.0,430,83.0,78,90.0,89.0,90.0,401,80.0,75.0,94.0,73.0,79.0,406,84.0,83.0,83.0,83.0,73,86.0,244,80.0,83.0,81.0,54,11.0,5.0,13.0,14.0,11.0,2312,487,3,80,79,83,85,79,N. Barella,CM,1,Inter,2020,2026
24,87,90,232293,"186cm / 6'1""",77kg / 170lbs,Right,89,ST,3,110000000.0,100000.0,195300000.0,391,62.0,91.0,84.0,71.0,83,336,83.0,63,52.0,54.0,84.0,414,87.0,92,78.0,89.0,68.0,424,86.0,94.0,81.0,86.0,77.0,337,68.0,34.0,90.0,70.0,75,80.0,103,36.0,45.0,22.0,53,14.0,14.0,10.0,9.0,6.0,2058,447,3,90,86,65,82,42,V. Osimhen,ST,1,Napoli,2020,2025
22,82,87,234396,"185cm / 6'1""",77kg / 170lbs,Left,85,LM,5,43500000.0,59000.0,75000000.0,357,83.0,64.0,69.0,82.0,59,356,85.0,72,44.0,71.0,84.0,443,96.0,95,86.0,83.0,83.0,375,74.0,86.0,77.0,75.0,63.0,362,72.0,78.0,77.0,77.0,58,78.0,215,69.0,73.0,73.0,47,11.0,11.0,6.0,5.0,14.0,2155,469,3,95,66,77,84,72,A. Davies,"LB, LM",2,FC Bayern München,2019,2025
22,84,88,253149,"171cm / 5'7""",64kg / 141lbs,Right,84,RWB,4,57000000.0,63000.0,101200000.0,323,85.0,66.0,52.0,77.0,43,353,85.0,77,47.0,61.0,83.0,447,96.0,92,91.0,78.0,90.0,331,58.0,74.0,85.0,61.0,53.0,355,77.0,78.0,78.0,81.0,41,80.0,234,78.0,79.0,77.0,54,12.0,7.0,8.0,13.0,14.0,2097,462,2,94,60,76,85,76,J. Frimpong,"RWB, RM",2,Bayer 04 Leverkusen,2021,2028
20,79+1,86,264652,"186cm / 6'1""",70kg / 154lbs,Right,80,LW,7,35000000.0,65000.0,71800000.0,371,73.0,77.0,69.0,79.0,73+1,353,80.0,73+5,59.0,63.0,78.0,395,84.0,87,84.0,76.0,64.0,346,74.0,76.0,68.0,59.0,69.0,312,60.0,29.0,79.0,78.0,66,78.0,90,25.0,37.0,28.0,43,8.0,8.0,15.0,6.0,6.0,1910,409,1,86,74,74,79,34,B. Barcola,"LW, RW",2,Paris Saint Germain,2023,2028
27,86,86,210035,"171cm / 5'7""",68kg / 150lbs,Left,86,LWB,0,65500000.0,88000.0,111400000.0,366,91.0,64.0,62.0,86.0,63,431,85.0,89,89.0,82.0,86.0,417,86.0,76,84.0,85.0,86.0,394,84.0,76.0,88.0,63.0,83.0,364,69.0,79.0,78.0,84.0,54,83.0,228,76.0,78.0,74.0,50,7.0,13.0,10.0,7.0,13.0,2250,471,3,81,72,86,85,76,Grimaldo,"LWB, LM",2,Bayer 04 Leverkusen,2023,2027
23,86,90,237692,"171cm / 5'7""",69kg / 152lbs,Left,89,CAM,4,97500000.0,195000.0,187700000.0,355,80.0,82.0,47.0,87.0,59,411,88.0,82,68.0,82.0,91.0,427,86.0,78,91.0,81.0,91.0,363,87.0,63.0,83.0,47.0,83.0,358,64.0,59.0,85.0,86.0,64,86.0,166,60.0,59.0,47.0,52,8.0,15.0,6.0,10.0,13.0,2132,452,3,82,81,83,89,57,P. Foden,"LW, RW, CAM",3,Manchester City,2016,2027
24,83,85,231447,"176cm / 5'9""",68kg / 150lbs,Right,84,ST,2,47000000.0,57000.0,83400000.0,385,74.0,84.0,67.0,79.0,81,371,86.0,76,61.0,63.0,85.0,435,93.0,87,87.0,82.0,86.0,392,86.0,84.0,77.0,73.0,72.0,329,65.0,31.0,84.0,75.0,74,79.0,97,29.0,33.0,35.0,49,7.0,9.0,9.0,10.0,14.0,2058,438,2,90,81,74,85,35,D. Malen,"RM, ST, LM",3,Borussia Dortmund,2021,2026
22,79,86,243780,"173cm / 5'8""",66kg / 146lbs,Left,81,CAM,7,35500000.0,68000.0,72800000.0,374,79.0,75.0,65.0,80.0,75,402,82.0,82,77.0,79.0,82.0,395,75.0,74,83.0,76.0,87.0,350,78.0,71.0,73.0,59.0,69.0,353,72.0,53.0,78.0,80.0,70,81.0,138,45.0,51.0,42.0,57,11.0,12.0,12.0,8.0,14.0,2069,426,2,74,74,80,82,50,Lee Kang In,"CAM, CM, RW",3,Paris Saint Germain,2023,2028
20,82,88,256516,"181cm / 5'11""",67kg / 148lbs,Right,83,CAM,6,47500000.0,29000.0,109300000.0,359,77.0,75.0,65.0,78.0,64,380,88.0,76,72.0,59.0,85.0,443,94.0,93,92.0,80.0,84.0,370,78.0,79.0,81.0,60.0,72.0,313,55.0,40.0,76.0,80.0,62,78.0,89,36.0,28.0,25.0,60,9.0,13.0,12.0,12.0,14.0,2014,429,2,93,74,75,86,36,Nico Williams,"LM, RM",2,Athletic Club,2020,2027
34,90,90,188545,"185cm / 6'1""",81kg / 179lbs,Right,90,ST,0,58000000.0,340000.0,118900000.0,433,76.0,93.0,91.0,84.0,89,410,86.0,79,85.0,70.0,90.0,404,76.0,75,77.0,93.0,83.0,432,91.0,92.0,76.0,89.0,84.0,395,81.0,49.0,94.0,81.0,90,88.0,96,35.0,42.0,19.0,51,15.0,6.0,12.0,8.0,10.0,2221,461,5,75,91,80,87,44,R. Lewandowski,ST,1,FC Barcelona,2022,2026
22,85,91,243812,"174cm / 5'9""",64kg / 141lbs,Right,87,CAM,6,86500000.0,210000.0,194600000.0,379,79.0,86.0,67.0,80.0,67,399,87.0,80,73.0,73.0,86.0,432,89.0,88,87.0,84.0,84.0,370,76.0,77.0,81.0,59.0,77.0,324,54.0,21.0,84.0,83.0,82,85.0,88,24.0,34.0,30.0,42,9.0,8.0,12.0,8.0,5.0,2034,429,3,88,81,79,86,31,Rodrygo,"RW, ST",2,Real Madrid,2019,2028
22,80+1,85+1,242964,"183cm / 6'0""",72kg / 159lbs,Right,82,RM,5,32500000.0,105000.0,64200000.0,343,76.0,78.0,49.0,77.0,63+3,378,81.0,76,75.0,66.0,80.0,405,89.0,92,79.0,80.0,65.0,362,76.0,70.0,83.0,60.0,73.0,328,72.0,37.0,77.0,77.0,65,77.0,146,47.0,53.0,46.0,40,5.0,6.0,14.0,7.0,8.0,2002,436,1,91,75,75,79,47,A. Gordon,"LW, RW, ST",3,Newcastle United,2023,2028
22,84,88,251566,"178cm / 5'10""",75kg / 165lbs,Right,85,RM,4,61500000.0,145000.0,118400000.0,391,79.0,83.0,72.0,79.0,78,380,89.0,74,68.0,65.0,84.0,429,91.0,88,87.0,82.0,81.0,377,77.0,82.0,82.0,63.0,73.0,342,80.0,39.0,82.0,79.0,62,79.0,131,44.0,44.0,43.0,35,10.0,6.0,7.0,6.0,6.0,2085,447,2,89,78,76,86,46,Gabriel Martinelli,LW,1,Arsenal,2019,2027
20,86,92,251854,"174cm / 5'9""",60kg / 132lbs,Right,88,CM,6,105000000.0,165000.0,236300000.0,334,68.0,72.0,50.0,88.0,56,402,87.0,79,62.0,86.0,88.0,422,81.0,76,88.0,87.0,90.0,369,68.0,73.0,87.0,73.0,68.0,355,62.0,73.0,79.0,88.0,53,87.0,210,68.0,77.0,65.0,46,12.0,7.0,11.0,8.0,8.0,2138,461,3,78,69,82,88,70,Pedri,"CM, LW",2,FC Barcelona,2020,2026
26,87,90,228702,"181cm / 5'11""",74kg / 163lbs,Right,89,CM,3,103500000.0,240000.0,219900000.0,383,78.0,72.0,72.0,91.0,70,413,87.0,84,64.0,89.0,89.0,417,80.0,83,87.0,88.0,79.0,379,68.0,82.0,89.0,74.0,66.0,374,74.0,82.0,77.0,88.0,53,90.0,229,76.0,76.0,77.0,49,7.0,13.0,10.0,10.0,9.0,2244,479,4,82,69,86,87,77,F. de Jong,"CM, CDM",2,FC Barcelona,2019,2026
25,82,84,231936,"185cm / 6'1""",77kg / 170lbs,Right,84,CDM,2,35000000.0,110000.0,67400000.0,273,70.0,24.0,74.0,84.0,21,303,76.0,45,20.0,82.0,80.0,357,72.0,75,67.0,82.0,61.0,318,50.0,83.0,82.0,78.0,25.0,316,81.0,84.0,52.0,75.0,24,83.0,249,83.0,84.0,82.0,42,8.0,11.0,12.0,5.0,6.0,1858,418,2,74,31,74,76,83,B. White,"RB, CB",2,Arsenal,2021,2028
23,84,89,241637,"188cm / 6'2""",82kg / 181lbs,Right,86,CDM,5,58500000.0,160000.0,124300000.0,343,68.0,65.0,75.0,85.0,50,372,78.0,76,53.0,84.0,81.0,371,74.0,72,72.0,83.0,70.0,403,78.0,85.0,83.0,82.0,75.0,375,80.0,84.0,74.0,82.0,55,83.0,246,83.0,83.0,80.0,48,9.0,8.0,12.0,12.0,7.0,2158,463,3,73,69,79,78,82,A. Tchouaméni,"CDM, CM, CB",3,Real Madrid,2022,2028
25,84,87,247851,"182cm / 6'0""",74kg / 163lbs,Right,86,CM,3,55500000.0,145000.0,109600000.0,359,70.0,72.0,64.0,87.0,66,396,85.0,79,62.0,85.0,85.0,389,69.0,72,78.0,86.0,84.0,398,79.0,76.0,87.0,79.0,77.0,397,86.0,82.0,78.0,86.0,65,87.0,244,81.0,84.0,79.0,55,7.0,11.0,15.0,11.0,11.0,2238,472,2,71,74,81,84,80,Bruno Guimarães,"CM, CDM",2,Newcastle United,2022,2028
21,79,86,256079,"178cm / 5'10""",73kg / 161lbs,Right,80,CDM,7,33500000.0,67000.0,70400000.0,309,56.0,0.0,58.0,83.0,55+3,347,74.0,61+10,55.0,76.0,0.0,371,77.0,70-1,73.0,76.0,75.0,367,0.0,74.0,82.0,70.0,0.0,346,77.0,78.0,62.0,74.0,55+1,79.0,234,75.0,81.0,78.0,56,15.0,6.0,13.0,9.0,13.0,2030,434,2,73,62,72,76,76,M. Caicedo,"CDM, CM",2,Chelsea,2023,2031
31,88-1,88-1,190871,"175cm / 5'9""",68kg / 150lbs,Right,88,LW,0,75500000.0,115000.0,120800000.0,400,83.0,83.0,63.0,85.0,86,445,95.0,88,87.0,81.0,94.0,425,0.0,82-3,0.0,0.0,83.0,355,79.0,0.0,0.0,51.0,81.0,355,63.0,37.0,0.0,0.0,85,93.0,96,35.0,32.0,29.0,59,9.0,9.0,15.0,15.0,11.0,2135,440,5,83,82,85,93,37,Neymar Jr,"LW, CAM",2,Al Hilal,2023,2025
21,79,87,246420,"173cm / 5'8""",77kg / 170lbs,Right,81,CAM,8,39500000.0,95000.0,81000000.0,313,70.0,72.0,37.0,75.0,59,337,87.0,63,44.0,64.0,79.0,440,95.0,87,93.0,77.0,88.0,335,74.0,70.0,63.0,69.0,59.0,281,62.0,18.0,76.0,74.0,51,75.0,75,22.0,28.0,25.0,50,11.0,10.0,8.0,9.0,12.0,1831,404,3,91,68,70,84,25,J. Doku,"RW, RM, LW",3,Manchester City,2023,2028
23,83,86,247819,"191cm / 6'3""",86kg / 190lbs,Left,86,CB,3,44500000.0,51000.0,79000000.0,310,49.0,51.0,84.0,75.0,51,315,74.0,49,41.0,81.0,70.0,368,79.0,77,68.0,80.0,64.0,389,75.0,92.0,73.0,83.0,66.0,330,82.0,83.0,58.0,69.0,38,77.0,251,83.0,86.0,82.0,53,8.0,10.0,8.0,14.0,13.0,2016,441,3,78,59,67,72,84,N. Schlotterbeck,CB,1,Borussia Dortmund,2022,2027
31,90,90,192119,"200cm / 6'7""",96kg / 212lbs,Left,90,GK,0,63000000.0,250000.0,129199999.99999999,86,14.0,14.0,13.0,33.0,12,110,13.0,19,20.0,35.0,23.0,290,42.0,52,63.0,88.0,45.0,250,57.0,68.0,38.0,70.0,17.0,122,23.0,15.0,13.0,44.0,27,66.0,54,20.0,18.0,16.0,433,85.0,89.0,76.0,90.0,93.0,1345,479,5,85,89,76,93,46,T. Courtois,GK,1,Real Madrid,2018,2026
25,85,88,232656,"184cm / 6'0""",81kg / 179lbs,Left,86,LWB,3,66000000.0,90000.0,117200000.0,384,84.0,67.0,74.0,81.0,78+12,379,83.0,74+5,75.0,68.0,79.0,425,92.0,94,78.0,85.0,76.0,420,84.0,90.0,90.0,81.0,75.0,388,82.0,78.0,80.0,73.0,75+25,80.0,235,74.0,81.0,80.0,43,12.0,10.0,7.0,7.0,7.0,2274,487,3,93,74,77,81,78,T. Hernández,"LB, LM, CB",3,Milan,2019,2026
25,87,90,235073,"195cm / 6'5""",88kg / 194lbs,Right,87,GK,3,81500000.0,64000.0,144700000.0,85,13.0,10.0,13.0,39.0,10,116,24.0,13,12.0,33.0,34.0,241,38.0,52,37.0,85.0,29.0,247,55.0,71.0,30.0,81.0,10.0,119,24.0,14.0,10.0,59.0,12,66.0,45,15.0,15.0,15.0,418,86.0,84.0,73.0,86.0,89.0,1271,462,3,86,84,73,89,44,G. Kobel,GK,1,Borussia Dortmund,2021,2028
23,83,86,243580,"177cm / 5'10""",75kg / 165lbs,Right,85,ST,3,50000000.0,71000.0,88800000.0,381,69.0,85.0,79.0,75.0,73,335,81.0,64,50.0,59.0,81.0,437,94.0,93,82.0,83.0,85.0,408,82.0,93.0,79.0,79.0,75.0,329,74.0,26.0,85.0,69.0,75,81.0,71,29.0,23.0,19.0,48,9.0,8.0,10.0,8.0,13.0,2009,433,2,93,81,68,81,31,L. Openda,ST,1,RB Leipzig,2023,2028
24,81,85,247263,"194cm / 6'4""",84kg / 185lbs,Right,83,CB,4,33000000.0,49000.0,58600000.0,291,39.0,57.0,82.0,80.0,33,308,66.0,54,32.0,82.0,74.0,358,74.0,75,66.0,79.0,64.0,345,74.0,83.0,75.0,83.0,30.0,341,75.0,83.0,34.0,72.0,77,77.0,243,82.0,84.0,77.0,50,5.0,10.0,13.0,7.0,15.0,1936,427,2,75,54,67,70,82,E. Tapsoba,CB,1,Bayer 04 Leverkusen,2020,2028
32,91,91,192985,"181cm / 5'11""",75kg / 165lbs,Right,91,CM,0,103000000.0,350000.0,190600000.0,412,95.0,85.0,55.0,94.0,83,447,86.0,92,83.0,94.0,92.0,394,74.0,74,76.0,92.0,78.0,420,92.0,73.0,88.0,75.0,92.0,407,75.0,66.0,88.0,95.0,83,88.0,189,66.0,70.0,53.0,56,15.0,13.0,5.0,10.0,13.0,2325,486,5,74,88,94,87,65,K. De Bruyne,"CM, CAM",2,Manchester City,2015,2025
22,82,86,243245,"175cm / 5'9""",69kg / 152lbs,Right,84,CM,4,44000000.0,18000.0,91300000.0,347,78.0,72.0,41.0,84.0,72,412,78.0,82,82.0,85.0,85.0,376,75.0,69,78.0,74.0,80.0,389,78.0,66.0,88.0,73.0,84.0,398,85.0,74.0,77.0,84.0,78,78.0,212,70.0,73.0,69.0,43,9.0,6.0,10.0,6.0,12.0,2177,459,2,72,76,83,80,69,O. Kökçü,"CM, CAM, CDM",3,Benfica,2023,2028
24,81,86,248148,"181cm / 5'11""",74kg / 163lbs,Right,82,CDM,5,35500000.0,33000.0,77200000.0,328,65.0,67.0,65.0,82.0,49,346,72.0,67,47.0,80.0,80.0,360,66.0,63,72.0,84.0,75.0,348,61.0,71.0,79.0,68.0,69.0,353,70.0,83.0,79.0,76.0,45,81.0,237,77.0,81.0,79.0,52,7.0,6.0,12.0,14.0,13.0,2024,429,1,64,65,75,76,78,Zubimendi,"CDM, CM",2,Real Sociedad,2018,2027
24,85,90,237383,"190cm / 6'3""",75kg / 165lbs,Left,86,CB,5,73500000.0,95000.0,130500000.0,293,70.0,26.0,82.0,80.0,35,325,73.0,55,36.0,84.0,77.0,348,68.0,77,60.0,86.0,57.0,340,50.0,86.0,81.0,83.0,40.0,325,83.0,87.0,39.0,69.0,47,84.0,256,87.0,86.0,83.0,48,11.0,5.0,9.0,11.0,12.0,1935,424,2,73,36,73,73,86,A. Bastoni,CB,1,Inter,2017,2028
22,85,89,243715,"193cm / 6'4""",85kg / 187lbs,Right,86,CB,4,71000000.0,130000.0,136700000.0,286,58.0,35.0,75.0,84.0,34,324,74.0,55,35.0,78.0,82.0,357,77.0,86,50.0,85.0,59.0,330,60.0,88.0,72.0,87.0,23.0,318,83.0,83.0,43.0,62.0,47,85.0,258,86.0,87.0,85.0,42,7.0,10.0,6.0,8.0,11.0,1915,433,2,82,39,70,74,85,W. Saliba,CB,1,Arsenal,2019,2027
21,82,87,252145,"180cm / 5'11""",70kg / 154lbs,Left,82,LB,5,43500000.0,63000.0,83700000.0,327,79.0,45.0,70.0,79.0,54,362,78.0,73,59.0,72.0,80.0,424,90.0,88,82.0,80.0,84.0,381,80.0,84.0,81.0,73.0,63.0,345,74.0,77.0,77.0,72.0,45,80.0,233,76.0,79.0,78.0,50,7.0,8.0,8.0,12.0,15.0,2122,455,2,89,58,75,80,77,Nuno Mendes,"LB, LWB",2,Paris Saint Germain,2021,2026
32,88,88,194765,"176cm / 5'9""",73kg / 161lbs,Left,88,ST,0,74000000.0,135000.0,155400000.0,432,82.0,90.0,85.0,89.0,86,437,88.0,89,85.0,86.0,89.0,424,81.0,80,89.0,90.0,84.0,412,85.0,85.0,86.0,69.0,87.0,390,74.0,59.0,90.0,88.0,79,89.0,172,45.0,63.0,64.0,63,14.0,8.0,14.0,13.0,14.0,2330,477,5,80,88,87,88,59,A. Griezmann,ST,1,Atlético Madrid,2022,2026
27,83+1,83+1,221697,"180cm / 5'11""",70kg / 154lbs,Right,83,ST,0,39500000.0,120000.0,75100000.0,391,67.0,85.0,83.0,78.0,78+4,359,81.0,74,63.0,64.0,77.0,408,80.0,89,79.0,84.0,76.0,419,83.0,92.0,88.0,82.0,74.0,366,74.0,55.0,86.0,77.0,74,81.0,127,45.0,46.0,36.0,58,14.0,14.0,14.0,6.0,10.0,2128,452,2,85,82,73,80,50,O. Watkins,ST,1,Aston Villa,2020,2028
27,90,92,231866,"191cm / 6'3""",82kg / 181lbs,Right,90,CDM,2,129500000.0,260000.0,249300000.0,377,71.0,74.0,81.0,92.0,59,410,84.0,83,63.0,90.0,90.0,356,63.0,65,68.0,93.0,67.0,435,92.0,83.0,89.0,83.0,88.0,391,85.0,84.0,76.0,84.0,62,87.0,257,92.0,87.0,78.0,49,10.0,10.0,7.0,14.0,8.0,2275,482,4,64,79,84,84,86,Rodri,"CDM, CM",2,Manchester City,2019,2027
23,83,89,234577,"192cm / 6'4""",84kg / 185lbs,Right,83,GK,6,46500000.0,14000.0,102300000.0,88,13.0,6.0,11.0,50.0,8,123,18.0,10,10.0,55.0,30.0,232,33.0,39,42.0,83.0,35.0,221,60.0,61.0,28.0,63.0,9.0,137,23.0,18.0,18.0,64.0,14,44.0,43,19.0,13.0,11.0,407,82.0,77.0,80.0,82.0,86.0,1251,442,2,82,77,80,86,35,Diogo Costa,GK,1,Porto,2016,2026
23,82,87,244675,"188cm / 6'2""",77kg / 170lbs,Right,84,CAM,5,46000000.0,34000.0,100100000.0,389,75.0,77.0,80.0,84.0,73,382,84.0,81,53.0,81.0,83.0,392,72.0,74,85.0,84.0,77.0,409,82.0,86.0,86.0,80.0,75.0,391,80.0,74.0,81.0,86.0,70,85.0,198,64.0,74.0,60.0,54,15.0,11.0,6.0,15.0,7.0,2215,466,1,73,77,80,84,70,Sancet,"CAM, CM, ST",3,Athletic Club,2017,2032
22,80,86,245155,"177cm / 5'10""",70kg / 154lbs,Left,83,CAM,6,34000000.0,66000.0,71400000.0,345,66.0,76.0,55.0,77.0,71,359,86.0,67,49.0,73.0,84.0,430,92.0,88,85.0,73.0,92.0,383,79.0,75.0,79.0,76.0,74.0,344,68.0,59.0,78.0,75.0,64,77.0,172,60.0,66.0,46.0,42,6.0,12.0,7.0,7.0,10.0,2075,457,3,90,75,72,85,60,M. Kudus,"RM, CAM, ST",3,West Ham United,2023,2028
22,82,88,247090,"178cm / 5'10""",78kg / 172lbs,Right,85,CM,6,48500000.0,110000.0,101900000.0,355,67.0,66.0,60.0,87.0,75,408,79.0,82+5,76.0,87.0,84.0,379,77.0,70,76.0,79.0,77.0,393,82.0,76.0,84.0,72.0,79.0,388,82.0,75.0,76.0,85.0,70,81.0,222,75.0,0.0,0.0,39,8.0,6.0,7.0,8.0,10.0,2184,458,3,73,73,82,80,73,E. Fernández,"CM, CDM, CAM",3,Chelsea,2023,2032
22,81,86,253306,"182cm / 6'0""",77kg / 170lbs,Right,82,CDM,5,36500000.0,69000.0,70300000.0,307,62.0,65.0,55.0,80.0,45,355,79.0,62,58.0,79.0,77.0,365,72.0,72,69.0,80.0,72.0,366,67.0,74.0,83.0,77.0,65.0,383,88.0,83.0,75.0,75.0,62,84.0,239,79.0,83.0,77.0,53,6.0,10.0,16.0,8.0,13.0,2068,446,1,72,65,73,77,78,M. Ugarte,"CDM, CM",2,Paris Saint Germain,2023,2028
18,83,90,264240,"173cm / 5'8""",70kg / 154lbs,Right,86,CM,7,68500000.0,60000.0,154100000.0,315,69.0,71.0,42.0,84.0,49,374,86.0,74,47.0,82.0,85.0,414,77.0,75,86.0,86.0,90.0,330,56.0,62.0,84.0,58.0,70.0,379,85.0,79.0,81.0,83.0,51,74.0,209,59.0,78.0,72.0,49,8.0,10.0,11.0,7.0,13.0,2070,443,3,76,66,78,85,68,Gavi,"CM, LW",2,FC Barcelona,2020,2026
24,86,88,231281,"180cm / 5'11""",72kg / 159lbs,Right,88,CM,2,81000000.0,140000.0,155900000.0,383,93.0,64.0,69.0,89.0,68,428,79.0,88,85.0,92.0,84.0,381,73.0,79,73.0,84.0,72.0,393,85.0,75.0,89.0,68.0,76.0,377,69.0,84.0,79.0,90.0,55,82.0,238,78.0,82.0,78.0,56,14.0,15.0,14.0,6.0,7.0,2256,471,3,76,71,90,80,80,T. Alexander-Arnold,RB,1,Liverpool,2015,2025
25,86,89,240130,"186cm / 6'1""",78kg / 172lbs,Right,88,CB,3,80000000.0,210000.0,170000000.0,316,69.0,48.0,87.0,78.0,34,318,70.0,60,40.0,76.0,72.0,387,82.0,88,70.0,85.0,62.0,360,62.0,92.0,85.0,79.0,42.0,353,84.0,86.0,64.0,59.0,60,76.0,258,86.0,87.0,85.0,61,11.0,8.0,15.0,12.0,15.0,2053,443,3,85,50,69,71,86,Éder Militão,CB,1,Real Madrid,2019,2028
23,82,85,243576,"173cm / 5'8""",69kg / 152lbs,Right,83,RM,3,38500000.0,80000.0,76000000.0,363,83.0,68.0,69.0,79.0,64,403,82.0,83,78.0,77.0,83.0,394,80.0,84,80.0,79.0,71.0,400,83.0,80.0,91.0,71.0,75.0,379,75.0,77.0,81.0,80.0,66,79.0,229,74.0,79.0,76.0,48,15.0,7.0,14.0,5.0,7.0,2216,469,2,82,73,80,81,76,Pedro Porro,RB,1,Tottenham Hotspur,2023,2028
24,86,91,253163,"188cm / 6'2""",79kg / 174lbs,Right,88,CB,5,93000000.0,175000.0,197600000.0,313,58.0,56.0,85.0,76.0,38,281,55.0,47,45.0,66.0,68.0,357,76.0,86,56.0,84.0,55.0,354,68.0,92.0,72.0,87.0,35.0,330,87.0,85.0,56.0,59.0,43,76.0,258,86.0,86.0,86.0,53,11.0,14.0,9.0,11.0,8.0,1946,432,3,82,53,65,62,86,R. Araujo,"CB, RB",2,FC Barcelona,2018,2026
23,83+1,87+1,255253,"172cm / 5'8""",64kg / 141lbs,Right,85,CM,4,52000000.0,90000.0,100100000.0,338,74.0,74.0,42.0,86.0,62,393,87.0,74,62.0,83.0,87.0,404,75.0,69,90.0,82.0,88.0,355,76.0,61.0,81.0,59.0,78.0,386,77.0,78.0,77.0,81.0,73,84.0,217,74.0,75.0,68.0,43,12.0,13.0,8.0,5.0,5.0,2136,453,2,72,75,80,87,71,Vitinha,CM,1,Paris Saint Germain,2022,2027
20,79,87,259377,"172cm / 5'8""",60kg / 132lbs,Right,80,CAM,8,38500000.0,27000.0,88600000.0,347,77.0,79.0,46.0,78.0,67,368,81.0,73,60.0,74.0,80.0,385,77.0,76,79.0,74.0,79.0,291,68.0,52.0,70.0,32.0,69.0,286,48.0,29.0,79.0,76.0,54,60.0,120,31.0,48.0,41.0,45,9.0,7.0,14.0,6.0,9.0,1842,388,2,76,73,76,79,38,Yeremy Pino,"LM, LW, RM",3,Villarreal,2020,2027
28,87,87,212622,"177cm / 5'10""",75kg / 165lbs,Right,87,CDM,0,70000000.0,110000.0,115500000.0,388,91.0,68.0,72.0,88.0,69,418,82.0,85,76.0,91.0,84.0,397,77.0,65,84.0,87.0,84.0,400,78.0,78.0,93.0,68.0,83.0,405,86.0,85.0,80.0,85.0,69,86.0,243,81.0,84.0,78.0,60,8.0,15.0,7.0,15.0,15.0,2311,475,4,70,74,88,83,82,J. Kimmich,"CDM, RB, CM",3,FC Bayern München,2015,2025
24,82+1,85,231521,"178cm / 5'10""",71kg / 157lbs,Right,84,CM,3,41500000.0,59000.0,73700000.0,358,70.0,73.0,67.0,85.0,63,372,80.0,73,54.0,83.0,82.0,363,68.0,60,78.0,78.0,79.0,381,81.0,72.0,83.0,67.0,78.0,394,84.0,84.0,75.0,81.0,70,82.0,247,79.0,86.0,82.0,38,10.0,5.0,8.0,9.0,6.0,2153,454,2,64,75,79,80,81,E. Palacios,CM,1,Bayer 04 Leverkusen,2020,2028
25,85,87,232411,"177cm / 5'10""",68kg / 150lbs,Right,87,CAM,2,68500000.0,170000.0,135300000.0,382,80.0,85.0,62.0,85.0,70,417,88.0,82,80.0,80.0,87.0,424,82.0,81,88.0,83.0,90.0,370,79.0,75.0,75.0,63.0,78.0,357,55.0,62.0,86.0,83.0,71,82.0,176,62.0,62.0,52.0,43,5.0,6.0,10.0,15.0,7.0,2169,457,3,81,81,82,87,61,C. Nkunku,"CF, ST, CAM",3,Chelsea,2023,2029
25,84,88,232756,"185cm / 6'1""",79kg / 174lbs,Right,86,CB,4,52500000.0,84000.0,93200000.0,274,53.0,33.0,83.0,73.0,32,268,61.0,38,40.0,63.0,66.0,399,80.0,90,74.0,84.0,71.0,351,56.0,92.0,74.0,84.0,45.0,280,83.0,85.0,37.0,48.0,27,81.0,258,86.0,90.0,82.0,51,10.0,13.0,10.0,11.0,7.0,1881,419,2,86,40,59,66,86,F. Tomori,CB,1,Milan,2021,2027
25,82,85,233084,"175cm / 5'9""",70kg / 154lbs,Right,82,RWB,3,37000000.0,59000.0,80500000.0,353,80.0,67.0,64.0,80.0,62,338,77.0,68,44.0,69.0,80.0,406,84.0,85,82.0,79.0,76.0,360,70.0,76.0,86.0,61.0,67.0,352,74.0,80.0,77.0,76.0,45,76.0,235,79.0,79.0,77.0,48,12.0,13.0,8.0,5.0,10.0,2092,454,1,85,67,75,78,78,N. Molina,RWB,1,Atlético Madrid,2022,2027
26,84,84,233419,"176cm / 5'9""",68kg / 150lbs,Left,84,RW,0,46000000.0,210000.0,94300000.0,382,80.0,78.0,74.0,78.0,72,406,87.0,81,79.0,74.0,85.0,432,90.0,91,88.0,84.0,79.0,396,83.0,83.0,86.0,65.0,79.0,372,76.0,55.0,83.0,80.0,78,80.0,139,47.0,54.0,38.0,50,8.0,7.0,13.0,8.0,14.0,2177,460,3,91,79,78,86,53,Raphinha,RW,1,FC Barcelona,2022,2027
23,81,87,242444,"181cm / 5'11""",70kg / 154lbs,Right,85,CAM,6,41000000.0,60000.0,0.0,388,77.0,78.0,69.0,81.0,83,393,86.0,83,67.0,73.0,84.0,414,82.0,80,88.0,80.0,84.0,375,80.0,77.0,75.0,62.0,81.0,337,68.0,40.0,81.0,80.0,68,84.0,107,30.0,42.0,35.0,66,13.0,12.0,14.0,13.0,14.0,2080,430,3,81,79,78,85,40,João Félix,"CF, ST, LW",3,FC Barcelona,0,0
31,89,89,209331,"175cm / 5'9""",72kg / 159lbs,Left,89,RW,0,85500000.0,260000.0,158200000.0,399,80.0,92.0,59.0,85.0,83,404,88.0,84,69.0,77.0,86.0,451,89.0,89,89.0,93.0,91.0,411,82.0,81.0,87.0,77.0,84.0,376,63.0,55.0,92.0,85.0,81,90.0,122,38.0,43.0,41.0,62,14.0,14.0,9.0,11.0,14.0,2225,468,5,89,87,82,88,45,M. Salah,RW,1,Liverpool,2017,2025
27,86,86,222492,"183cm / 6'0""",80kg / 176lbs,Left,86,RM,0,72500000.0,105000.0,119600000.0,404,82.0,83.0,72.0,83.0,84,414,89.0,84,83.0,72.0,86.0,435,88.0,93,87.0,85.0,82.0,388,86.0,82.0,73.0,67.0,80.0,328,65.0,34.0,83.0,81.0,65,83.0,103,36.0,32.0,35.0,52,8.0,12.0,9.0,9.0,14.0,2124,448,3,91,82,81,87,38,L. Sané,"RM, LM",2,FC Bayern München,2020,2025
24,82,85,237679,"187cm / 6'2""",73kg / 161lbs,Right,85,ST,3,42000000.0,90000.0,80900000.0,384,64.0,82.0,79.0,79.0,80,358,83.0,70,62.0,62.0,81.0,423,90.0,91,84.0,81.0,77.0,391,82.0,90.0,74.0,74.0,71.0,306,36.0,38.0,85.0,77.0,70,80.0,97,32.0,33.0,32.0,49,7.0,14.0,15.0,8.0,5.0,2008,429,3,91,79,72,82,38,R. Kolo Muani,ST,1,Paris Saint Germain,2023,2028
23,83,87+2,238074,"179cm / 5'10""",91kg / 201lbs,Right,84,CB,4,48500000.0,105000.0,95800000.0,381,88.0,68.0,75.0,83.0,67,403,83.0,83,75.0,79.0,83.0,398,76.0,80,72.0,82.0,88.0,395,85.0,87.0,68.0,85.0,70.0,379,77.0,80.0,77.0,82.0,63,83.0,247,82.0,85.0,80.0,51,8.0,12.0,7.0,13.0,11.0,2254,476,2,78,72,83,82,82,R. James,"RB, RWB",2,Chelsea,2017,2028
24,85,89,241486,"180cm / 5'11""",75kg / 165lbs,Right,87,CB,4,69500000.0,160000.0,147700000.0,303,62.0,47.0,80.0,82.0,32,292,72.0,42,26.0,75.0,77.0,399,85.0,83,71.0,86.0,74.0,336,48.0,90.0,78.0,80.0,40.0,316,78.0,86.0,47.0,62.0,43,82.0,257,87.0,86.0,84.0,56,11.0,10.0,8.0,14.0,13.0,1959,438,3,84,45,68,75,86,J. Koundé,"CB, RB",2,FC Barcelona,2022,2027
26,83,85,228813,"173cm / 5'8""",68kg / 150lbs,Right,85,CM,2,44500000.0,42000.0,96800000.0,363,83.0,77.0,51.0,86.0,66,420,84.0,84,80.0,88.0,84.0,377,68.0,66,76.0,82.0,85.0,366,78.0,65.0,78.0,65.0,80.0,368,65.0,77.0,81.0,85.0,60,84.0,233,76.0,81.0,76.0,50,16.0,8.0,9.0,10.0,7.0,2177,455,2,67,77,85,83,75,Aleix García,"CM, CDM",2,Girona,2021,2026
25,83,87,232488,"185cm / 6'1""",79kg / 174lbs,Right,86,CB,4,45500000.0,95000.0,89900000.0,298,42.0,48.0,82.0,74.0,52,284,60.0,54,38.0,64.0,68.0,358,72.0,69,67.0,85.0,65.0,330,51.0,89.0,71.0,83.0,36.0,305,89.0,83.0,43.0,50.0,40,82.0,254,85.0,85.0,84.0,47,5.0,7.0,11.0,10.0,14.0,1876,407,3,70,46,59,66,84,C. Romero,CB,1,Tottenham Hotspur,2022,2027
24,84,86,239837,"176cm / 5'9""",72kg / 159lbs,Right,86,CM,2,54500000.0,130000.0,104900000.0,381,79.0,79.0,61.0,87.0,75,417,84.0,83,82.0,82.0,86.0,389,73.0,67,82.0,84.0,83.0,391,80.0,73.0,87.0,69.0,82.0,396,75.0,76.0,79.0,85.0,81,84.0,229,77.0,79.0,73.0,56,7.0,10.0,14.0,15.0,10.0,2259,468,3,70,80,84,84,75,A. Mac Allister,"CM, CAM, CDM",3,Liverpool,2023,2028
25,82,85,240950,"173cm / 5'8""",77kg / 170lbs,Right,85,CAM,3,40500000.0,22000.0,84000000.0,366,80.0,84.0,40.0,83.0,79,405,84.0,82+3,77.0,78.0,84.0,407,77.0,76,83.0,84.0,87.0,360,78.0,61.0,84.0,58.0,79.0,386,64.0,69.0,84.0,86.0,83,86.0,166,57.0,61.0,48.0,56,15.0,11.0,15.0,7.0,8.0,2146,448,1,76,82,82,84,58,Pedro Gonçalves,"LW, RW, CM",3,Sporting CP,2020,2027
23,84,88,246430,"190cm / 6'3""",75kg / 165lbs,Left,86,ST,4,61000000.0,140000.0,108300000.0,378,57.0,88.0,82.0,72.0,79,384,81.0,75,83.0,60.0,85.0,360,76.0,82,63.0,86.0,53.0,426,85.0,92.0,79.0,88.0,82.0,334,73.0,24.0,87.0,70.0,80,81.0,69,19.0,26.0,24.0,47,5.0,15.0,6.0,11.0,10.0,1998,423,2,79,85,68,79,29,D. Vlahović,ST,1,Juventus,2022,2026
31,86,86,200145,"185cm / 6'1""",84kg / 185lbs,Right,86,CDM,0,47500000.0,175000.0,90300000.0,372,68.0,69.0,85.0,82.0,68,381,69.0,77,74.0,84.0,77.0,323,56.0,59,60.0,85.0,63.0,424,88.0,85.0,82.0,88.0,81.0,400,92.0,87.0,77.0,78.0,66,81.0,260,86.0,87.0,87.0,67,13.0,14.0,16.0,12.0,12.0,2227,457,4,58,75,78,72,87,Casemiro,CDM,1,Manchester United,2022,2026
29,86,86,208128,"178cm / 5'10""",69kg / 152lbs,Right,86,CM,0,66000000.0,140000.0,112200000.0,368,78.0,75.0,53.0,88.0,74,434,85.0,88,85.0,88.0,88.0,386,72.0,65,83.0,86.0,80.0,379,86.0,66.0,80.0,60.0,87.0,405,76.0,76.0,74.0,89.0,90,85.0,213,74.0,74.0,65.0,50,9.0,14.0,11.0,6.0,10.0,2235,460,3,68,80,86,86,71,H. Çalhanoğlu,"CM, CDM",2,Inter,2021,2027
29,86,86,211110,"177cm / 5'10""",75kg / 165lbs,Left,87,CAM,0,68000000.0,130000.0,115600000.0,394,82.0,82.0,54.0,86.0,90,440,90.0,90,88.0,79.0,93.0,420,84.0,76,88.0,82.0,90.0,378,84.0,71.0,74.0,60.0,89.0,346,43.0,42.0,82.0,91.0,88,84.0,112,32.0,41.0,39.0,26,5.0,4.0,4.0,5.0,8.0,2116,441,3,80,85,85,90,40,P. Dybala,"CF, CAM, ST",3,Roma,2022,2025
27,84,85,212194,"185cm / 6'1""",83kg / 183lbs,Right,85,CAM,1,48500000.0,72000.0,86100000.0,382,82.0,80.0,54.0,87.0,79,411,86.0,80,76.0,82.0,87.0,396,69.0,73,84.0,86.0,84.0,391,83.0,69.0,87.0,71.0,81.0,326,45.0,58.0,82.0,86.0,55,84.0,150,49.0,45.0,56.0,55,11.0,16.0,11.0,8.0,9.0,2111,442,3,71,80,84,86,51,J. Brandt,"CAM, RM, CM",3,Borussia Dortmund,2019,2026
28,87,87,212198,"179cm / 5'10""",69kg / 152lbs,Right,87,CM,0,79500000.0,220000.0,151100000.0,402,82.0,82.0,63.0,88.0,87,420,78.0,85,82.0,89.0,86.0,386,74.0,68,78.0,90.0,76.0,395,86.0,71.0,95.0,60.0,83.0,417,84.0,63.0,86.0,94.0,90,79.0,196,62.0,71.0,63.0,63,12.0,14.0,15.0,8.0,14.0,2279,463,4,71,84,88,81,65,Bruno Fernandes,"CM, CAM",2,Manchester United,2020,2026
26,82,83,223334,"186cm / 6'1""",81kg / 179lbs,Right,84,CM,1,35500000.0,125000.0,70100000.0,370,71.0,74.0,82.0,83.0,60,343,84.0,58,38.0,78.0,85.0,380,72.0,82,68.0,85.0,73.0,413,84.0,91.0,88.0,89.0,61.0,396,89.0,83.0,80.0,83.0,61,83.0,238,79.0,83.0,76.0,56,9.0,13.0,8.0,13.0,13.0,2196,478,2,78,72,76,82,81,Joelinton,"CM, LW",2,Newcastle United,2019,2028
26,85,86,220697,"175cm / 5'9""",73kg / 161lbs,Right,85,CAM,1,63500000.0,135000.0,125400000.0,361,83.0,80.0,35.0,86.0,77,431,86.0,86,86.0,85.0,88.0,391,78.0,66,84.0,80.0,83.0,355,83.0,58.0,78.0,53.0,83.0,361,70.0,44.0,85.0,88.0,74,88.0,166,59.0,65.0,42.0,65,11.0,14.0,14.0,12.0,14.0,2130,441,2,71,81,86,86,54,J. Maddison,"CAM, CM",2,Tottenham Hotspur,2023,2028
28,84,84,226161,"184cm / 6'0""",74kg / 163lbs,Right,84,CM,0,42000000.0,85000.0,88200000.0,373,76.0,81.0,67.0,83.0,66,383,82.0,75,63.0,82.0,81.0,412,87.0,91,83.0,83.0,68.0,415,84.0,84.0,91.0,77.0,79.0,393,80.0,83.0,84.0,81.0,65,79.0,235,79.0,82.0,74.0,51,13.0,6.0,6.0,11.0,15.0,2262,490,3,89,80,80,81,79,Marcos Llorente,"CM, RM, RWB",3,Atlético Madrid,2019,2027
25,84,87,226754,"175cm / 5'9""",70kg / 154lbs,Left,85,CDM,3,50500000.0,84000.0,89600000.0,352,74.0,67.0,62.0,85.0,64,406,86.0,79,73.0,83.0,85.0,419,84.0,76,87.0,83.0,89.0,393,85.0,79.0,84.0,71.0,74.0,393,86.0,83.0,75.0,81.0,68,87.0,241,78.0,83.0,80.0,62,9.0,12.0,10.0,16.0,15.0,2266,476,2,80,72,81,86,79,I. Bennacer,"CDM, CM, CAM",3,Milan,2019,2027
25,82,83-2,233927,"180cm / 5'11""",72kg / 159lbs,Left,83,CAM,1,36500000.0,85000.0,72100000.0,376,74.0,78.0,68.0,82.0,74,402,87.0,77,74.0,78.0,86.0,376,71.0,73,75.0,81.0,76.0,391,77.0,78.0,82.0,77.0,77.0,386,77.0,71.0,80.0,83.0,75,88.0,202,67.0,72.0,63.0,57,14.0,9.0,12.0,11.0,11.0,2190,460,2,72,77,79,85,69,Lucas Paquetá,"LM, CAM, CM",3,West Ham United,2022,2027
24,84,86,235212,"181cm / 5'11""",73kg / 161lbs,Right,84,RB,2,50500000.0,90000.0,97200000.0,383,84.0,75.0,68.0,82.0,74,388,79.0,77,77.0,73.0,82.0,422,88.0,93,81.0,82.0,78.0,403,82.0,82.0,92.0,72.0,75.0,374,76.0,78.0,78.0,78.0,64,83.0,227,75.0,76.0,76.0,46,10.0,8.0,14.0,6.0,8.0,2243,480,3,91,76,80,80,75,A. Hakimi,"RB, RWB",2,Paris Saint Germain,2021,2026
26,89,90,239818,"187cm / 6'2""",82kg / 181lbs,Right,89,CB,1,106500000.0,250000.0,205000000.0,285,54.0,29.0,87.0,83.0,32,309,64.0,46,48.0,76.0,75.0,328,54.0,69,60.0,89.0,56.0,352,74.0,84.0,78.0,90.0,26.0,314,93.0,86.0,39.0,51.0,45,81.0,269,91.0,91.0,87.0,47,7.0,8.0,13.0,7.0,12.0,1904,412,4,62,39,66,69,89,Rúben Dias,CB,1,Manchester City,2020,2027
23,83,85-1,241852,"171cm / 5'7""",67kg / 148lbs,Left,84,LM,2,47000000.0,105000.0,92800000.0,340,76.0,80.0,41.0,0.0,67,370,87.0,72,56.0,72.0,0.0,455,95.0,95,92.0,80.0,93.0,332,74.0,60.0,82.0,44.0,72.0,314,62.0,48.0,79.0,77.0,48,77.0,129,48.0,35.0,46.0,47,8.0,9.0,8.0,8.0,14.0,1987,431,3,95,75,74,86,43,M. Diaby,"RW, ST, CF",3,Aston Villa,2023,2028
25,83,87,244260,"179cm / 5'10""",72kg / 159lbs,Right,86,CAM,4,50500000.0,71000.0,89600000.0,357,78.0,74.0,43.0,86.0,76,402,87.0,75,75.0,79.0,86.0,394,77.0,61,86.0,84.0,86.0,344,79.0,60.0,74.0,54.0,77.0,341,51.0,57.0,82.0,85.0,66,82.0,144,50.0,50.0,44.0,66,15.0,15.0,13.0,12.0,11.0,2048,421,3,68,76,82,86,50,Dani Olmo,"CAM, CF",2,RB Leipzig,2020,2027
25,83,84,244369,"178cm / 5'10""",72kg / 159lbs,Left,83,RM,1,43500000.0,41000.0,94600000.0,364,83.0,82.0,45.0,82.0,72,400,83.0,81,76.0,77.0,83.0,405,85.0,85,83.0,80.0,72.0,349,78.0,64.0,77.0,53.0,77.0,347,63.0,39.0,82.0,82.0,81,80.0,136,60.0,39.0,37.0,49,9.0,7.0,15.0,6.0,12.0,2050,436,2,85,80,81,82,46,V. Tsygankov,"RM, CM, CAM",3,Girona,2023,2027
23,82,85,236987,"184cm / 6'0""",68kg / 150lbs,Right,83,CDM,3,37500000.0,80000.0,74100000.0,295,64.0,47.0,72.0,84.0,28,336,73.0,59,47.0,77.0,80.0,342,66.0,70,66.0,75.0,65.0,372,67.0,80.0,82.0,80.0,63.0,351,78.0,85.0,52.0,73.0,63,86.0,248,83.0,85.0,80.0,45,8.0,12.0,8.0,6.0,11.0,1989,434,2,68,54,74,75,83,B. Kamara,"CDM, CM",2,Aston Villa,2022,2027
26,84,87,240091,"194cm / 6'4""",76kg / 168lbs,Right,84,GK,3,42500000.0,90000.0,83900000.0,93,11.0,6.0,11.0,58.0,7,145,22.0,14,10.0,55.0,44.0,279,54.0,49,56.0,82.0,38.0,229,59.0,67.0,38.0,60.0,5.0,145,35.0,15.0,13.0,69.0,13,63.0,47,23.0,11.0,13.0,414,84.0,80.0,79.0,84.0,87.0,1352,466,2,84,80,79,87,52,G. Vicario,GK,1,Tottenham Hotspur,2023,2028
21,79,86,246104,"190cm / 6'3""",77kg / 170lbs,Right,82,CAM,7,35500000.0,76000.0,72800000.0,356,73.0,76.0,58.0,80.0,69,386,84.0,74,69.0,76.0,83.0,378,76.0,72,80.0,74.0,76.0,385,78.0,76.0,77.0,75.0,79.0,352,61.0,75.0,77.0,81.0,58,76.0,197,69.0,69.0,59.0,49,12.0,8.0,6.0,11.0,12.0,2103,450,1,74,76,77,82,68,R. Gravenberch,CM,1,Liverpool,2023,2028
22,79,86,251805,"179cm / 5'10""",78kg / 172lbs,Right,82,CB,7,33000000.0,80000.0,67700000.0,290,60.0,41.0,68.0,80.0,41,299,76.0,44,31.0,70.0,78.0,382,79.0,78,73.0,78.0,74.0,352,58.0,84.0,82.0,82.0,46.0,326,72.0,82.0,66.0,64.0,42,85.0,241,83.0,82.0,76.0,48,6.0,6.0,8.0,14.0,14.0,1938,429,3,78,47,67,77,80,J. Timber,"CB, RB",2,Arsenal,2023,2028
35,88,88,165153,"185cm / 6'1""",81kg / 179lbs,Right,88,ST,0,39000000.0,86000.0,62400000.0,431,75.0,89.0,90.0,89.0,88,409,87.0,82,73.0,76.0,91.0,390,76.0,77,77.0,88.0,72.0,412,87.0,84.0,80.0,80.0,81.0,351,63.0,39.0,90.0,88.0,71,88.0,85,43.0,24.0,18.0,41,13.0,11.0,5.0,5.0,7.0,2119,449,5,77,86,83,87,39,K. Benzema,"ST, CF",2,Al Ittihad,2023,2026
30,84,84,192505,"191cm / 6'3""",94kg / 207lbs,Left,84,ST,0,41500000.0,165000.0,0.0,398,73.0,86.0,83.0,77.0,79,372,80.0,78,66.0,69.0,79.0,351,72.0,86,59.0,82.0,52.0,414,87.0,93.0,64.0,95.0,75.0,348,71.0,27.0,86.0,75.0,89,82.0,101,30.0,41.0,30.0,54,8.0,15.0,14.0,7.0,10.0,2038,434,4,80,84,74,76,38,R. Lukaku,ST,1,Roma,0,0
30,84,84,199503,"185cm / 6'1""",82kg / 181lbs,Left,84,CDM,0,35500000.0,74000.0,60400000.0,343,74.0,67.0,65.0,87.0,50,394,73.0,76,77.0,85.0,83.0,292,48.0,50,51.0,82.0,61.0,401,90.0,69.0,85.0,78.0,79.0,390,91.0,76.0,76.0,82.0,65,78.0,232,78.0,79.0,75.0,46,7.0,8.0,11.0,7.0,13.0,2098,437,3,49,74,82,74,76,G. Xhaka,CDM,1,Bayer 04 Leverkusen,2023,2028
30,87,87,200104,"183cm / 6'0""",78kg / 172lbs,Right,87,LW,0,77000000.0,170000.0,146300000.0,406,84.0,90.0,70.0,83.0,79,403,87.0,87,74.0,72.0,83.0,418,85.0,88,81.0,90.0,74.0,407,88.0,78.0,88.0,64.0,89.0,349,62.0,39.0,91.0,82.0,75,88.0,114,47.0,34.0,33.0,53,11.0,13.0,13.0,6.0,10.0,2150,453,4,87,88,81,85,42,H. Son,"LW, LM, ST",3,Tottenham Hotspur,2015,2025
27,85,85,206517,"180cm / 5'11""",81kg / 179lbs,Right,85,LW,0,57500000.0,200000.0,106400000.0,364,83.0,76.0,48.0,85.0,72,417,89.0,83,74.0,81.0,90.0,406,79.0,74,84.0,84.0,85.0,380,76.0,71.0,83.0,71.0,79.0,341,65.0,49.0,82.0,87.0,58,88.0,160,58.0,54.0,48.0,51,11.0,6.0,11.0,10.0,13.0,2119,450,3,76,76,84,88,53,J. Grealish,"LW, LM",2,Manchester City,2021,2027
27,84,85,225193,"189cm / 6'2""",83kg / 183lbs,Left,85,CM,1,48000000.0,54000.0,104400000.0,387,77.0,79.0,87.0,86.0,58,401,83.0,80,69.0,84.0,85.0,377,72.0,72,74.0,86.0,73.0,416,85.0,89.0,83.0,80.0,79.0,404,83.0,85.0,83.0,83.0,70,80.0,240,80.0,84.0,76.0,57,9.0,12.0,9.0,13.0,14.0,2282,480,2,72,79,82,82,83,Mikel Merino,"CM, CAM",2,Real Sociedad,2018,2025
24,83,86,229558,"186cm / 6'1""",90kg / 198lbs,Right,86,CB,3,44500000.0,64000.0,76800000.0,279,48.0,39.0,81.0,78.0,33,287,72.0,36,28.0,76.0,75.0,375,76.0,88,66.0,81.0,64.0,351,64.0,92.0,65.0,88.0,42.0,312,89.0,79.0,47.0,58.0,39,74.0,247,81.0,84.0,82.0,45,6.0,7.0,8.0,15.0,9.0,1896,428,3,83,45,63,72,82,D. Upamecano,CB,1,FC Bayern München,2021,2026
27,82,82,234236,"191cm / 6'3""",87kg / 192lbs,Left,82,ST,0,33000000.0,73000.0,56100000.0,388,64.0,82.0,84.0,78.0,80,362,81.0,78,56.0,64.0,83.0,383,74.0,77,83.0,82.0,67.0,400,82.0,90.0,69.0,83.0,76.0,309,65.0,25.0,84.0,74.0,61,84.0,92,44.0,29.0,19.0,57,11.0,15.0,8.0,9.0,14.0,1991,421,3,76,80,71,81,37,P. Schick,ST,1,Bayer 04 Leverkusen,2020,2027
24,81,84,234574,"183cm / 6'0""",76kg / 168lbs,Right,81,RB,3,32500000.0,95000.0,64200000.0,330,77.0,52.0,77.0,80.0,44,366,80.0,80,52.0,74.0,80.0,387,77.0,86,76.0,78.0,70.0,392,80.0,86.0,80.0,75.0,71.0,363,81.0,79.0,78.0,78.0,47,76.0,234,74.0,80.0,80.0,40,10.0,6.0,10.0,6.0,8.0,2112,456,2,82,62,77,79,78,Diogo Dalot,"RB, LB",2,Manchester United,2018,2028
33,87,87,182521,"183cm / 6'0""",76kg / 168lbs,Right,87,CM,0,49000000.0,260000.0,100500000.0,396,88.0,76.0,58.0,92.0,82,431,80.0,86,84.0,92.0,89.0,326,55.0,48,63.0,89.0,71.0,382,89.0,61.0,75.0,72.0,85.0,384,68.0,80.0,74.0,89.0,73,89.0,205,75.0,70.0,60.0,51,10.0,11.0,13.0,7.0,10.0,2175,444,4,51,80,90,81,71,T. Kroos,"CM, CDM",2,Real Madrid,2014,2024
33,85,85,192387,"185cm / 6'1""",85kg / 187lbs,Right,85,ST,0,34500000.0,90000.0,58700000.0,387,55.0,90.0,80.0,78.0,84,341,77.0,70,58.0,57.0,79.0,413,84.0,86,75.0,84.0,84.0,400,86.0,87.0,73.0,74.0,80.0,360,73.0,40.0,88.0,71.0,88,76.0,99,34.0,33.0,32.0,47,6.0,8.0,15.0,12.0,6.0,2047,430,4,85,87,67,78,39,C. Immobile,ST,1,Lazio,2016,2026
29,86,86,210514,"182cm / 6'0""",74kg / 163lbs,Right,86,RB,0,59500000.0,195000.0,0.0,377,87.0,69.0,72.0,87.0,62,406,85.0,87,69.0,79.0,86.0,404,86.0,77,79.0,84.0,78.0,389,80.0,80.0,88.0,62.0,79.0,375,76.0,81.0,81.0,85.0,52,85.0,241,79.0,83.0,79.0,58,6.0,9.0,15.0,14.0,14.0,2250,475,3,81,73,85,84,80,João Cancelo,"RB, LB, RM",3,FC Barcelona,0,0
27,83,85,213661,"187cm / 6'2""",82kg / 181lbs,Right,85,CB,2,38500000.0,155000.0,81800000.0,275,51.0,36.0,80.0,83.0,25,305,67.0,41,39.0,79.0,79.0,339,57.0,76,61.0,84.0,61.0,288,37.0,80.0,73.0,78.0,20.0,291,75.0,86.0,32.0,62.0,36,79.0,256,86.0,86.0,84.0,44,10.0,12.0,8.0,6.0,8.0,1798,399,2,67,32,68,71,85,A. Christensen,"CB, CDM",2,FC Barcelona,2022,2026
28,88,88,218667,"173cm / 5'8""",64kg / 141lbs,Left,88,CM,0,91500000.0,270000.0,169300000.0,385,84.0,78.0,54.0,91.0,78,416,92.0,84,67.0,82.0,91.0,422,78.0,68,95.0,89.0,92.0,371,79.0,66.0,93.0,54.0,79.0,391,78.0,73.0,85.0,87.0,68,89.0,206,70.0,76.0,60.0,54,9.0,10.0,14.0,12.0,9.0,2245,468,3,73,78,86,92,70,Bernardo Silva,"CM, RW",2,Manchester City,2017,2026
25,83,85,226268,"174cm / 5'9""",76kg / 168lbs,Left,83,LWB,2,42000000.0,90000.0,74600000.0,365,85.0,71.0,49.0,83.0,77,403,80.0,82,79.0,78.0,84.0,409,81.0,81,80.0,83.0,84.0,396,79.0,74.0,85.0,76.0,82.0,386,78.0,80.0,83.0,79.0,66,72.0,231,77.0,78.0,76.0,43,9.0,8.0,12.0,7.0,7.0,2233,473,2,81,75,82,81,75,F. Dimarco,"LWB, LM, CB",3,Inter,2018,2026
26,83,84,230666,"175cm / 5'9""",73kg / 161lbs,Right,84,ST,1,43500000.0,150000.0,83700000.0,392,74.0,80.0,78.0,81.0,79,371,88.0,76,54.0,66.0,87.0,437,86.0,81,92.0,88.0,90.0,404,84.0,88.0,82.0,72.0,78.0,354,82.0,32.0,86.0,79.0,75,78.0,103,45.0,30.0,28.0,48,13.0,8.0,6.0,6.0,15.0,2109,443,2,83,80,75,88,40,Gabriel Jesus,ST,1,Arsenal,2022,2027
26,86,87,231443,"178cm / 5'10""",67kg / 148lbs,Left,86,RW,1,80000000.0,150000.0,154000000.0,360,86.0,75.0,43.0,80.0,76,398,89.0,82,64.0,76.0,87.0,438,94.0,93,90.0,80.0,81.0,344,83.0,65.0,68.0,52.0,76.0,328,54.0,36.0,80.0,83.0,75,81.0,105,42.0,30.0,33.0,49,6.0,6.0,14.0,10.0,13.0,2022,431,3,93,77,81,87,36,O. Dembélé,RW,1,Paris Saint Germain,2023,2028
26,82,85,233486,"187cm / 6'2""",81kg / 179lbs,Right,84,CB,3,35500000.0,41000.0,77200000.0,255,35.0,19.0,85.0,78.0,38,250,52.0,34,25.0,67.0,72.0,298,58.0,66,41.0,82.0,51.0,304,40.0,86.0,70.0,86.0,22.0,241,72.0,82.0,21.0,32.0,34,73.0,250,84.0,86.0,80.0,61,9.0,13.0,14.0,15.0,10.0,1659,364,1,62,26,54,59,84,R. Le Normand,CB,1,Real Sociedad,2016,2026
22,82,85,262621,"199cm / 6'6""",88kg / 194lbs,Left,82,GK,3,33500000.0,30000.0,72900000.0,63,13.0,9.0,14.0,20.0,7,74,11.0,11,10.0,20.0,22.0,236,48.0,48,40.0,74.0,26.0,251,54.0,71.0,45.0,74.0,7.0,86,25.0,8.0,8.0,34.0,11,26.0,27,5.0,12.0,10.0,403,82.0,82.0,72.0,83.0,84.0,1140,451,2,82,82,72,84,48,G. Mamardashvili,GK,1,Valencia,2022,2027
29,83,83,202556,"178cm / 5'10""",78kg / 172lbs,Right,83,CF,0,36500000.0,84000.0,76700000.0,383,83.0,81.0,65.0,79.0,75,411,85.0,84,83.0,75.0,84.0,406,80.0,82,80.0,84.0,80.0,412,85.0,83.0,79.0,84.0,81.0,345,72.0,28.0,84.0,85.0,76,79.0,74,23.0,31.0,20.0,50,8.0,14.0,6.0,12.0,10.0,2081,437,4,81,81,81,84,30,M. Depay,"CF, LW, ST",3,Atlético Madrid,2023,2025
23,84,89,235243,"189cm / 6'2""",89kg / 196lbs,Right,87,CB,5,57500000.0,70000.0,99200000.0,311,52.0,50.0,85.0,79.0,45,319,65.0,48,55.0,78.0,73.0,320,58.0,64,52.0,84.0,62.0,412,84.0,87.0,75.0,91.0,75.0,296,85.0,82.0,44.0,45.0,40,82.0,256,85.0,85.0,86.0,56,12.0,11.0,11.0,12.0,10.0,1970,425,3,61,61,64,68,85,M. de Ligt,CB,1,FC Bayern München,2022,2027
25,84,87,239301,"178cm / 5'10""",77kg / 170lbs,Left,86,CB,3,49500000.0,140000.0,97800000.0,341,75.0,52.0,75.0,83.0,56,372,76.0,77,55.0,83.0,81.0,390,77.0,70,77.0,84.0,82.0,377,73.0,85.0,75.0,80.0,64.0,369,91.0,85.0,62.0,76.0,55,87.0,256,85.0,87.0,84.0,55,6.0,14.0,13.0,14.0,8.0,2160,455,2,73,59,78,79,85,L. Martínez,CB,1,Manchester United,2022,2027
24,82,86,242516,"189cm / 6'2""",76kg / 168lbs,Right,84,CAM,4,44000000.0,120000.0,84700000.0,388,83.0,83.0,68.0,79.0,75,395,86.0,78,76.0,70.0,85.0,400,86.0,84,80.0,79.0,71.0,405,86.0,84.0,76.0,76.0,83.0,336,63.0,45.0,80.0,80.0,68,83.0,125,46.0,48.0,31.0,47,15.0,11.0,7.0,9.0,5.0,2096,450,2,85,82,78,84,47,C. Gakpo,"CF, LW",2,Liverpool,2023,2028
23,82,86,247394,"186cm / 6'1""",80kg / 176lbs,Left,84,CAM,4,43500000.0,100000.0,85900000.0,376,84.0,76.0,52.0,84.0,80,389,86.0,85,61.0,72.0,85.0,381,77.0,74,79.0,82.0,69.0,403,76.0,76.0,90.0,80.0,81.0,350,67.0,54.0,80.0,84.0,65,84.0,174,55.0,64.0,55.0,44,14.0,5.0,10.0,10.0,5.0,2117,454,2,75,77,81,84,57,D. Kulusevski,"RW, RM, CAM",3,Tottenham Hotspur,2023,2028
23,83,87,251809,"193cm / 6'4""",81kg / 179lbs,Left,85,CB,4,47000000.0,105000.0,92800000.0,254,43.0,24.0,81.0,79.0,27,288,63.0,47,28.0,76.0,74.0,302,53.0,75,57.0,83.0,34.0,346,65.0,84.0,70.0,90.0,37.0,309,86.0,82.0,45.0,59.0,37,77.0,253,85.0,84.0,84.0,49,12.0,9.0,8.0,6.0,14.0,1801,399,2,65,37,63,66,84,S. Botman,CB,1,Newcastle United,2022,2027
32,85,85,186345,"173cm / 5'8""",71kg / 157lbs,Right,85,RB,0,37500000.0,150000.0,71300000.0,367,92.0,54.0,79.0,84.0,58,421,76.0,87,87.0,86.0,85.0,366,72.0,64,66.0,85.0,79.0,381,82.0,79.0,85.0,64.0,71.0,386,75.0,83.0,77.0,85.0,66,83.0,245,80.0,84.0,81.0,54,11.0,14.0,8.0,11.0,10.0,2220,452,2,68,65,86,79,82,K. Trippier,RB,1,Newcastle United,2022,2025
30,86+1,86+1,205452,"190cm / 6'3""",86kg / 190lbs,Right,86,CB,0,55500000.0,220000.0,113800000.0,305,68.0,40.0,83.0,80.0,34,321,64.0,50,56.0,0.0,70.0,352,71.0,91,56.0,84.0,50.0,402,84.0,90.0,70.0,91.0,67.0,328,91.0,82.0,54.0,61.0,40,80.0,254,85.0,85.0,84.0,59,14.0,15.0,10.0,12.0,8.0,2021,444,3,82,55,71,66,84,A. Rüdiger,CB,1,Real Madrid,2022,2026
30,84,84,209989,"185cm / 6'1""",77kg / 170lbs,Right,84,CDM,0,35500000.0,140000.0,65700000.0,348,74.0,66.0,68.0,84.0,56,386,82.0,69,67.0,85.0,83.0,327,60.0,74,63.0,80.0,50.0,401,85.0,77.0,79.0,84.0,76.0,369,84.0,82.0,70.0,84.0,49,86.0,242,80.0,84.0,78.0,49,11.0,13.0,9.0,9.0,7.0,2122,461,2,68,71,81,79,80,T. Partey,"CDM, CM",2,Arsenal,2020,2025
25,81,84,228093,"192cm / 6'4""",80kg / 176lbs,Right,83,ST,3,34500000.0,90000.0,61200000.0,384,74.0,81.0,78.0,78.0,73,348,84.0,71,53.0,62.0,78.0,393,80.0,89,78.0,81.0,65.0,418,83.0,91.0,81.0,85.0,78.0,323,45.0,50.0,80.0,78.0,70,77.0,124,38.0,49.0,37.0,62,11.0,13.0,14.0,9.0,15.0,2052,442,2,85,80,73,80,48,M. Thuram,ST,1,Inter,2023,2028
26,84,84,241084,"180cm / 5'11""",73kg / 161lbs,Right,84,LW,0,46000000.0,165000.0,85100000.0,372,76.0,80.0,64.0,78.0,74,384,89.0,77,58.0,73.0,87.0,429,91.0,90,88.0,83.0,77.0,401,84.0,80.0,87.0,69.0,81.0,323,72.0,28.0,83.0,77.0,63,82.0,111,35.0,42.0,34.0,64,10.0,13.0,13.0,14.0,14.0,2084,447,2,90,80,76,87,39,L. Díaz,LW,1,Liverpool,2022,2027
26,82,84,241464,"191cm / 6'3""",80kg / 176lbs,Left,84,CDM,2,33500000.0,95000.0,66200000.0,296,55.0,31.0,85.0,84.0,41,314,64.0,56,28.0,86.0,80.0,340,69.0,75,64.0,80.0,52.0,340,58.0,86.0,78.0,78.0,40.0,327,79.0,83.0,46.0,77.0,42,84.0,249,83.0,84.0,82.0,59,11.0,13.0,13.0,13.0,9.0,1925,417,3,72,40,73,70,83,Pau Torres,CB,1,Aston Villa,2023,2028
30,84,84,201153,"190cm / 6'3""",84kg / 185lbs,Right,84,ST,0,41500000.0,88000.0,87200000.0,404,72.0,86.0,87.0,77.0,82,356,80.0,78,52.0,63.0,83.0,385,81.0,83,74.0,84.0,63.0,412,83.0,93.0,79.0,81.0,76.0,334,69.0,26.0,87.0,77.0,75,79.0,71,37.0,14.0,20.0,22,4.0,5.0,4.0,4.0,5.0,1984,428,3,82,83,73,80,31,Morata,ST,1,Atlético Madrid,2020,2026
32,85,85,215914,"168cm / 5'6""",70kg / 154lbs,Right,85,CDM,0,36000000.0,67000.0,57600000.0,322,68.0,64.0,54.0,80.0,56,331,78.0,49,49.0,74.0,81.0,395,74.0,64,78.0,87.0,92.0,358,71.0,70.0,82.0,70.0,65.0,378,87.0,88.0,72.0,77.0,54,82.0,263,88.0,90.0,85.0,54,15.0,12.0,10.0,7.0,10.0,2101,448,4,69,65,73,80,85,N. Kanté,"CDM, CM",2,Al Ittihad,2023,2026
25,82,83,229906,"178cm / 5'10""",77kg / 170lbs,Left,82,RM,1,36500000.0,100000.0,72100000.0,359,75.0,79.0,57.0,75.0,73,395,87.0,79,79.0,65.0,85.0,434,93.0,87,90.0,80.0,84.0,361,79.0,76.0,68.0,61.0,77.0,316,55.0,28.0,81.0,81.0,71,75.0,108,45.0,34.0,29.0,60,12.0,13.0,6.0,15.0,14.0,2033,429,3,90,78,75,86,38,L. Bailey,"RM, ST, RW",3,Aston Villa,2021,2027
25,84,85,235805,"175cm / 5'9""",70kg / 154lbs,Right,84,LM,1,50500000.0,140000.0,89600000.0,364,75.0,81.0,50.0,78.0,80,383,89.0,78,62.0,72.0,82.0,436,91.0,91,89.0,84.0,81.0,400,86.0,75.0,85.0,70.0,84.0,350,74.0,54.0,83.0,77.0,62,82.0,152,60.0,48.0,44.0,37,6.0,7.0,8.0,9.0,7.0,2122,463,3,91,82,76,86,53,F. Chiesa,"LM, ST, RM",3,Juventus,2022,2025
27,83,85,212190,"195cm / 6'5""",99kg / 218lbs,Right,85,CB,2,38500000.0,60000.0,68300000.0,301,48.0,36.0,78.0,80.0,59,293,60.0,43,38.0,82.0,70.0,301,60.0,82,34.0,81.0,44.0,372,78.0,79.0,59.0,94.0,62.0,302,82.0,80.0,42.0,66.0,32,84.0,257,87.0,87.0,83.0,58,15.0,7.0,14.0,7.0,15.0,1884,418,3,72,51,67,62,84,N. Süle,"CB, RB",2,Borussia Dortmund,2022,2026
27,83,84,213331,"195cm / 6'5""",94kg / 207lbs,Right,84,CB,1,36500000.0,67000.0,64800000.0,265,39.0,32.0,84.0,77.0,33,258,60.0,37,27.0,68.0,66.0,303,55.0,78,49.0,81.0,40.0,340,60.0,87.0,75.0,92.0,26.0,291,82.0,82.0,33.0,56.0,38,77.0,246,81.0,85.0,80.0,49,11.0,8.0,7.0,9.0,14.0,1752,395,2,68,37,59,62,83,J. Tah,CB,1,Bayer 04 Leverkusen,2015,2025
30,83,83,216547,"172cm / 5'8""",66kg / 146lbs,Right,84,RW,0,35500000.0,25000.0,71000000.0,351,78.0,79.0,49.0,77.0,68,384,86.0,81,56.0,76.0,85.0,450,94.0,93,90.0,84.0,89.0,340,77.0,62.0,84.0,40.0,77.0,330,47.0,58.0,83.0,83.0,59,81.0,138,52.0,47.0,39.0,51,9.0,11.0,11.0,12.0,8.0,2044,437,2,93,77,77,86,50,Rafa,CF,1,Benfica,2016,2024
29,85,85,217870,"183cm / 6'0""",82kg / 181lbs,Right,85,RB,0,47500000.0,86000.0,80800000.0,362,80.0,66.0,76.0,80.0,60,369,78.0,69,69.0,74.0,79.0,410,85.0,85,78.0,84.0,78.0,397,72.0,88.0,90.0,78.0,69.0,357,78.0,83.0,71.0,66.0,59,77.0,246,82.0,83.0,81.0,43,8.0,10.0,8.0,10.0,7.0,2184,470,2,85,67,75,79,82,G. Di Lorenzo,RB,1,Napoli,2019,2028
27,83,83,220834,"182cm / 6'0""",76kg / 168lbs,Left,83,RW,0,38500000.0,115000.0,71200000.0,375,81.0,77.0,57.0,81.0,79,412,83.0,84,76.0,82.0,87.0,395,83.0,78,80.0,78.0,76.0,386,88.0,73.0,75.0,63.0,87.0,312,45.0,45.0,80.0,80.0,62,82.0,121,40.0,42.0,39.0,50,13.0,9.0,6.0,12.0,10.0,2051,431,3,80,81,81,83,43,Marco Asensio,"RW, CM",2,Paris Saint Germain,2023,2026
27,83,84,228251,"186cm / 6'1""",77kg / 170lbs,Right,85,CM,1,42000000.0,88000.0,74600000.0,385,74.0,75.0,74.0,88.0,74,403,80.0,74,79.0,83.0,87.0,405,79.0,79,80.0,85.0,82.0,402,79.0,83.0,90.0,74.0,76.0,393,74.0,72.0,80.0,87.0,80,84.0,223,73.0,77.0,73.0,53,12.0,7.0,10.0,13.0,11.0,2264,473,2,79,76,83,83,74,L. Pellegrini,"CAM, CM, CF",3,Roma,2017,2026
25,81,83,230899,"174cm / 5'9""",71kg / 157lbs,Right,84,CAM,2,33000000.0,62000.0,58600000.0,377,66.0,86.0,66.0,79.0,80,352,87.0,69,51.0,60.0,85.0,432,88.0,84,90.0,85.0,85.0,370,79.0,80.0,69.0,67.0,75.0,318,62.0,32.0,85.0,77.0,62,78.0,74,27.0,23.0,24.0,54,12.0,12.0,9.0,15.0,6.0,1977,421,1,86,81,71,86,30,A. Lookman,"ST, RM, RW",3,Atalanta,2022,2026
23,86,89,241096,"181cm / 5'11""",79kg / 174lbs,Right,87,CDM,3,84000000.0,140000.0,165900000.0,370,78.0,69.0,70.0,85.0,68,402,78.0,75,81.0,83.0,85.0,414,81.0,86,81.0,83.0,83.0,415,82.0,84.0,84.0,82.0,83.0,386,84.0,84.0,75.0,79.0,64,84.0,248,83.0,84.0,81.0,44,13.0,9.0,8.0,7.0,7.0,2279,485,3,84,74,81,81,82,S. Tonali,"CDM, CM",2,Newcastle United,2023,2028
23,81,87,252154,"191cm / 6'3""",83kg / 183lbs,Right,81,GK,6,33000000.0,37000.0,62700000.0,82,11.0,8.0,20.0,36.0,7,96,14.0,18,12.0,31.0,21.0,198,24.0,39,40.0,70.0,25.0,203,53.0,57.0,28.0,55.0,10.0,120,27.0,13.0,9.0,54.0,17,40.0,43,16.0,15.0,12.0,397,83.0,78.0,70.0,82.0,84.0,1139,427,1,83,78,70,84,30,M. Carnesecchi,GK,1,Atalanta,2019,2026
31,89,89,203376,"193cm / 6'4""",92kg / 203lbs,Right,89,CB,0,70500000.0,220000.0,130400000.0,317,53.0,52.0,87.0,80.0,45,363,70.0,60,70.0,86.0,77.0,350,66.0,87,59.0,88.0,50.0,399,81.0,89.0,72.0,93.0,64.0,349,85.0,88.0,47.0,67.0,62,89.0,267,90.0,91.0,86.0,58,13.0,10.0,13.0,11.0,11.0,2103,456,4,78,60,71,72,89,V. van Dijk,CB,1,Liverpool,2018,2025
30,86-1,86-1,199556,"165cm / 5'5""",60kg / 132lbs,Right,86,CM,0,65000000.0,135000.0,120300000.0,353,82.0,60.0,57.0,90.0,64,421,91.0,85,64.0,89.0,92.0,383,0.0,51-4,91.0,0.0,93.0,306,60.0,0.0,75.0,0.0,58.0,405,89.0,0.0,78.0,89.0,64,0.0,244,78.0,82.0,84.0,64,12.0,12.0,15.0,15.0,10.0,2176,441,3,57,61,87,91,79,M. Verratti,"CM, CDM",2,Paris Saint Germain,2012,2026
29,85,86,203574,"188cm / 6'2""",76kg / 168lbs,Right,85,CB,1,49500000.0,180000.0,95300000.0,331,63.0,54.0,84.0,86.0,44,329,77.0,52,37.0,79.0,84.0,359,69.0,76,69.0,86.0,59.0,335,55.0,85.0,74.0,77.0,44.0,352,80.0,84.0,58.0,78.0,52,87.0,256,86.0,86.0,84.0,51,7.0,15.0,11.0,10.0,8.0,2013,440,2,73,52,75,78,85,J. Stones,"CB, CDM, RB",3,Manchester City,2016,2026
28,85,85,210935,"183cm / 6'0""",72kg / 159lbs,Left,85,RW,0,54500000.0,40000.0,92700000.0,388,78.0,85.0,62.0,85.0,78,405,86.0,78,75.0,79.0,87.0,428,82.0,82,92.0,85.0,87.0,380,83.0,75.0,78.0,64.0,80.0,355,85.0,25.0,86.0,83.0,76,78.0,102,42.0,30.0,30.0,27,5.0,6.0,5.0,5.0,6.0,2085,441,2,82,83,81,87,36,D. Berardi,"RW, RM",2,Sassuolo,2012,2027
27,85,85,213345,"181cm / 5'11""",75kg / 165lbs,Right,85,LM,0,57500000.0,100000.0,94900000.0,375,81.0,75.0,61.0,80.0,78,402,88.0,83,70.0,74.0,87.0,439,92.0,86,92.0,85.0,84.0,369,83.0,79.0,68.0,66.0,73.0,291,38.0,23.0,83.0,82.0,65,78.0,77,29.0,27.0,21.0,21,5.0,3.0,5.0,3.0,5.0,1974,423,4,89,76,79,87,30,K. Coman,"LM, RM",2,FC Bayern München,2015,2027
26,85,86,224458,"178cm / 5'10""",70kg / 154lbs,Right,85,CF,1,64500000.0,180000.0,124200000.0,400,73.0,85.0,86.0,77.0,79,375,83.0,77,58.0,72.0,85.0,426,85.0,80,86.0,88.0,87.0,408,86.0,91.0,80.0,75.0,76.0,376,85.0,56.0,88.0,78.0,69,83.0,155,53.0,57.0,45.0,54,7.0,12.0,15.0,9.0,11.0,2194,459,2,82,82,75,84,57,Diogo Jota,"CF, LW",2,Liverpool,2020,2027
26,82,85,227535,"187cm / 6'2""",73kg / 161lbs,Right,84,CM,3,39500000.0,100000.0,78000000.0,365,76.0,68.0,65.0,85.0,71,392,85.0,71,68.0,83.0,85.0,365,70.0,70,70.0,79.0,76.0,363,71.0,74.0,81.0,72.0,65.0,383,78.0,82.0,73.0,83.0,67,86.0,240,79.0,83.0,78.0,55,8.0,7.0,14.0,14.0,12.0,2163,457,2,70,68,81,83,79,R. Bentancur,"CM, CDM",2,Tottenham Hotspur,2022,2026
26,85,86,230869,"190cm / 6'3""",89kg / 196lbs,Right,85,GK,1,47500000.0,38000.0,103300000.0,103,16.0,14.0,18.0,38.0,17,96,12.0,20,14.0,34.0,16.0,262,48.0,50,37.0,80.0,47.0,264,57.0,74.0,44.0,76.0,13.0,141,29.0,26.0,14.0,48.0,24,46.0,41,11.0,18.0,12.0,413,85.0,81.0,76.0,85.0,86.0,1320,462,3,85,81,76,86,49,Unai Simón,GK,1,Athletic Club,2015,2025
26,82,84,230938,"183cm / 6'0""",74kg / 163lbs,Right,83,CDM,2,34000000.0,46000.0,60400000.0,350,66.0,75.0,68.0,81.0,60,350,78.0,61,54.0,75.0,82.0,383,77.0,80,70.0,79.0,77.0,427,84.0,85.0,93.0,87.0,78.0,404,82.0,82.0,76.0,76.0,88,83.0,243,83.0,82.0,78.0,54,9.0,11.0,12.0,12.0,10.0,2211,477,3,79,77,74,79,81,F. Kessié,"CDM, CM",2,Al Ahli Jeddah,2023,2026
26,81,83,231943,"184cm / 6'0""",71kg / 157lbs,Right,83,ST,2,32500000.0,100000.0,64200000.0,396,73.0,81.0,84.0,77.0,81,364,80.0,76,65.0,61.0,82.0,384,79.0,76,83.0,81.0,65.0,397,83.0,89.0,78.0,75.0,72.0,366,84.0,46.0,84.0,75.0,77,82.0,149,43.0,58.0,48.0,51,12.0,7.0,8.0,11.0,13.0,2107,441,3,77,80,73,80,53,Richarlison,"ST, LW",2,Tottenham Hotspur,2022,2027
26,84,87,239580,"187cm / 6'2""",84kg / 185lbs,Right,85,CB,3,49000000.0,135000.0,87000000.0,287,46.0,49.0,85.0,69.0,38,262,62.0,42,24.0,69.0,65.0,375,78.0,86,65.0,79.0,67.0,360,68.0,92.0,76.0,85.0,39.0,312,82.0,84.0,58.0,45.0,43,78.0,254,84.0,87.0,83.0,52,13.0,15.0,13.0,5.0,6.0,1902,421,1,82,50,56,65,85,Bremer,CB,1,Juventus,2022,2027
23,81,85,239807,"178cm / 5'10""",74kg / 163lbs,Right,83,CAM,4,36500000.0,22000.0,0.0,356,67.0,73.0,61.0,84.0,71,381,80.0,71,65.0,80.0,85.0,393,80.0,80,77.0,80.0,76.0,368,76.0,74.0,81.0,63.0,74.0,371,76.0,71.0,76.0,84.0,64,79.0,213,70.0,73.0,70.0,44,5.0,10.0,8.0,11.0,10.0,2126,453,1,80,73,78,81,70,D. Frattesi,CM,1,Inter,0,0
31,85,85,197445,"180cm / 5'11""",78kg / 172lbs,Left,85,CB,0,37000000.0,200000.0,75900000.0,377,83.0,62.0,77.0,88.0,67,401,77.0,76,85.0,80.0,83.0,400,79.0,79,76.0,88.0,78.0,397,82.0,86.0,73.0,78.0,78.0,394,77.0,87.0,73.0,78.0,79,84.0,256,89.0,84.0,83.0,50,5.0,7.0,14.0,15.0,9.0,2275,475,4,79,71,83,80,85,D. Alaba,"CB, LB",2,Real Madrid,2021,2026
29,87,88,207865,"183cm / 6'0""",75kg / 165lbs,Right,87,CB,1,73500000.0,140000.0,141500000.0,334,68.0,59.0,88.0,84.0,35,323,69.0,58,32.0,85.0,79.0,379,76.0,82,68.0,86.0,67.0,360,65.0,89.0,83.0,78.0,45.0,368,81.0,89.0,70.0,76.0,52,86.0,267,90.0,89.0,88.0,47,6.0,6.0,12.0,10.0,13.0,2078,453,3,79,56,75,74,89,Marquinhos,CB,1,Paris Saint Germain,2013,2028
29,88,89,210257,"188cm / 6'2""",86kg / 190lbs,Left,88,GK,1,70000000.0,210000.0,134800000.0,131,20.0,14.0,14.0,65.0,18,203,30.0,40,20.0,68.0,45.0,323,64.0,63,60.0,88.0,48.0,287,68.0,79.0,44.0,78.0,18.0,220,38.0,27.0,20.0,70.0,65+14,70.0,52,29.0,15.0,8.0,433,87.0,82.0,91.0,86.0,87.0,1649,497,3,87,82,91,87,64,Ederson,GK,1,Manchester City,2017,2026
29,83,84,212218,"189cm / 6'2""",85kg / 187lbs,Left,84,CB,1,33500000.0,59000.0,56100000.0,308,58.0,45.0,82.0,83.0,40,353,64.0,61,69.0,81.0,78.0,308,51.0,61,57.0,85.0,54.0,345,68.0,81.0,67.0,82.0,47.0,325,74.0,85.0,54.0,68.0,44,84.0,255,84.0,86.0,85.0,45,10.0,11.0,5.0,14.0,5.0,1939,411,3,57,50,73,69,85,A. Laporte,CB,1,Al Nassr,2023,2026
26,82,83,235410,"188cm / 6'2""",78kg / 172lbs,Left,83,ST,1,36500000.0,42000.0,79400000.0,377,51.0,84.0,88.0,77.0,77,336,78.0,63,56.0,58.0,81.0,349,80.0,81,67.0,82.0,39.0,412,83.0,92.0,83.0,77.0,77.0,323,76.0,33.0,85.0,56.0,73,75.0,85,27.0,31.0,27.0,58,13.0,9.0,14.0,9.0,13.0,1940,417,3,81,82,63,76,36,Y. En-Nesyri,ST,1,Sevilla,2020,2025
25,82,84,236499,"175cm / 5'9""",66kg / 146lbs,Right,84,CM,2,38000000.0,100000.0,75100000.0,380,82.0,74.0,62.0,87.0,75,418,77.0,89,83.0,84.0,85.0,363,70.0,64,74.0,80.0,75.0,390,78.0,74.0,80.0,74.0,84.0,393,77.0,77.0,70.0,86.0,83,84.0,226,80.0,77.0,69.0,48,12.0,6.0,13.0,10.0,7.0,2218,461,2,67,77,85,80,76,Douglas Luiz,"CM, CDM",2,Aston Villa,2019,2026
30,84,84,198706,"183cm / 6'0""",74kg / 163lbs,Right,84,CM,0,40500000.0,78000.0,68900000.0,359,69.0,75.0,49.0,90.0,76,426,83.0,86,79.0,88.0,90.0,378,72.0,67,77.0,79.0,83.0,359,82.0,65.0,68.0,64.0,80.0,316,29.0,64.0,76.0,91.0,56,80.0,188,63.0,66.0,59.0,43,6.0,8.0,6.0,12.0,11.0,2069,435,2,69,77,85,84,62,Luis Alberto,CM,1,Lazio,2016,2027
27,87,90,215698,"191cm / 6'3""",89kg / 196lbs,Right,87,GK,3,78000000.0,90000.0,138500000.0,131,18.0,15.0,17.0,65.0,16,186,31.0,38,16.0,61.0,40.0,285,50.0,53,41.0,85.0,56.0,277,65.0,75.0,39.0,78.0,20.0,155,35.0,25.0,15.0,65.0,15,68.0,58,23.0,16.0,19.0,428,85.0,82.0,87.0,85.0,89.0,1520,479,3,85,82,87,89,51,M. Maignan,GK,1,Milan,2021,2026
26,82,82,222737,"172cm / 5'8""",74kg / 163lbs,Left,82,CAM,0,33500000.0,56000.0,53600000.0,377,77.0,78.0,67.0,80.0,75+3,403,84.0,82,78.0,75.0,84.0,423,86.0,82+1,86.0,79.0,90.0,397,83.0,79.0,88.0,66.0,81.0,314,53.0,26.0,83.0,82.0,70,77.0,123,51.0,45.0,27.0,53,8.0,14.0,15.0,7.0,9.0,2090,439,2,84,79,79,84,43,Malcom,"CAM, RM",2,Al Hilal,2023,2027
26,82,83,246242,"180cm / 5'11""",75kg / 165lbs,Right,83,ST,1,36500000.0,51000.0,68400000.0,362,50.0,86.0,77.0,74.0,75,324,83.0,56,49.0,54.0,82.0,389,80.0,86,74.0,79.0,70.0,400,84.0,90.0,74.0,83.0,69.0,314,62.0,23.0,83.0,65.0,81,75.0,59,28.0,17.0,14.0,60,11.0,10.0,15.0,14.0,10.0,1908,411,1,83,81,62,81,27,B. Dia,"ST, LW, CF",3,Salernitana,2023,2026
32,86,86,186942,"180cm / 5'11""",80kg / 176lbs,Right,86,CM,0,53500000.0,220000.0,109700000.0,372,77.0,82.0,50.0,88.0,75,427,86.0,86,80.0,84.0,91.0,365,65.0,60,77.0,86.0,77.0,374,79.0,67.0,75.0,73.0,80.0,395,70.0,75.0,84.0,86.0,80,87.0,219,77.0,75.0,67.0,48,11.0,14.0,5.0,5.0,13.0,2200,458,3,62,81,84,86,72,İ. Gündoğan,"CM, CDM",2,FC Barcelona,2023,2025
27,83,83,206113,"176cm / 5'9""",77kg / 170lbs,Right,83,RM,0,38500000.0,82000.0,63500000.0,370,77.0,85.0,42.0,83.0,83,376,85.0,74,62.0,73.0,82.0,419,84.0,79,86.0,82.0,88.0,378,87.0,68.0,72.0,69.0,82.0,330,58.0,38.0,84.0,80.0,70,82.0,132,45.0,44.0,43.0,50,14.0,10.0,10.0,9.0,7.0,2055,438,3,81,84,78,84,43,S. Gnabry,"RM, CF, LM",3,FC Bayern München,2017,2026
30,83,83,210324,"176cm / 5'9""",72kg / 159lbs,Right,83,CAM,0,35000000.0,74000.0,59500000.0,365,80.0,84.0,48.0,84.0,69,397,82.0,77,75.0,82.0,81.0,391,75.0,76,79.0,83.0,78.0,371,74.0,66.0,89.0,66.0,76.0,385,70.0,75.0,83.0,86.0,71,82.0,184,70.0,57.0,57.0,42,6.0,6.0,10.0,10.0,10.0,2135,456,3,76,79,83,81,64,J. Hofmann,CAM,1,Bayer 04 Leverkusen,2023,2027
25,82,86,222077,"185cm / 6'1""",75kg / 165lbs,Right,83,CM,4,38500000.0,105000.0,68300000.0,358,73.0,62.0,68.0,85.0,70,382,79.0,73,64.0,83.0,83.0,337,65.0,68,65.0,80.0,59.0,403,79.0,76.0,89.0,77.0,82.0,365,77.0,78.0,68.0,82.0,60,82.0,238,80.0,83.0,75.0,59,11.0,12.0,11.0,10.0,15.0,2142,454,2,67,70,80,78,79,M. Locatelli,"CDM, CM",2,Juventus,2023,2028
28,86,86,223848,"192cm / 6'4""",95kg / 209lbs,Right,86,CM,0,68000000.0,84000.0,108800000.0,399,71.0,82.0,86.0,86.0,74,417,85.0,81,78.0,86.0,87.0,337,62.0,66,62.0,84.0,63.0,429,83.0,87.0,91.0,87.0,81.0,382,79.0,79.0,82.0,83.0,59,84.0,233,77.0,77.0,79.0,47,7.0,10.0,7.0,16.0,7.0,2244,473,3,64,80,82,82,79,S. Milinković-Savić,"CM, CDM",2,Al Hilal,2023,2026
26,83,84,225375,"180cm / 5'11""",72kg / 159lbs,Right,83,CDM,1,38000000.0,75000.0,65599999.99999999,357,78.0,69.0,69.0,81.0,60,349,77.0,70,47.0,77.0,78.0,396,82.0,78,76.0,83.0,77.0,380,74.0,79.0,90.0,69.0,68.0,380,89.0,86.0,73.0,78.0,54,79.0,242,84.0,81.0,77.0,58,9.0,12.0,12.0,13.0,12.0,2162,464,3,80,69,77,78,81,K. Laimer,"CDM, CM, RB",3,FC Bayern München,2023,2027
27,83,85,229582,"190cm / 6'3""",77kg / 170lbs,Right,85,CB,2,38500000.0,80000.0,68300000.0,272,34.0,48.0,83.0,67.0,40,278,59.0,38,34.0,71.0,76.0,314,65.0,75,34.0,83.0,57.0,335,51.0,86.0,81.0,83.0,34.0,313,94.0,84.0,32.0,56.0,47,80.0,247,84.0,84.0,79.0,47,13.0,12.0,8.0,6.0,8.0,1806,404,2,71,45,56,64,83,G. Mancini,CB,1,Roma,2020,2027
25,83,86,233934,"191cm / 6'3""",77kg / 170lbs,Right,83,GK,3,37000000.0,95000.0,71200000.0,114,15.0,14.0,15.0,54.0,16,137,18.0,17,16.0,53.0,33.0,281,47.0,50,53.0,82.0,49.0,238,64.0,65.0,35.0,59.0,15.0,167,35.0,24.0,18.0,65.0,25,62.0,51,20.0,16.0,15.0,412,83.0,79.0,85.0,80.0,85.0,1400,460,2,83,79,85,85,48,A. Ramsdale,GK,1,Arsenal,2021,2026
30,88,88,200389,"188cm / 6'2""",87kg / 192lbs,Right,88,GK,0,61000000.0,90000.0,128100000.0,95,13.0,11.0,15.0,43.0,13,109,12.0,13,14.0,40.0,30.0,292,42.0,53,64.0,85.0,48.0,263,59.0,72.0,42.0,78.0,12.0,149,36.0,24.0,11.0,67.0,11,68.0,59,27.0,14.0,18.0,426,85.0,90.0,78.0,86.0,87.0,1393,472,4,85,90,78,87,46,J. Oblak,GK,1,Atlético Madrid,2014,2028
32,86,86,204485,"179cm / 5'10""",67kg / 148lbs,Left,86,RM,0,54000000.0,72000.0,91800000.0,378,81.0,82.0,56.0,83.0,76,420,89.0,85,80.0,75.0,91.0,421,83.0,75,91.0,84.0,88.0,369,82.0,70.0,78.0,57.0,82.0,328,48.0,39.0,84.0,84.0,73,81.0,101,45.0,34.0,22.0,54,15.0,9.0,13.0,11.0,6.0,2071,431,3,79,81,82,89,39,R. Mahrez,"RM, RW",2,Al Ahli Jeddah,2023,2027
30,83,83,208574,"184cm / 6'0""",84kg / 185lbs,Left,83,LM,0,35000000.0,130000.0,59500000.0,377,90.0,72.0,59.0,81.0,75,410,84.0,85,80.0,79.0,82.0,405,85.0,85,76.0,80.0,79.0,411,86.0,80.0,90.0,77.0,78.0,369,76.0,69.0,78.0,80.0,66,82.0,215,69.0,74.0,72.0,64,13.0,14.0,12.0,12.0,13.0,2251,475,3,85,76,82,82,70,F. Kostić,"LM, LWB",2,Juventus,2022,2026
26,81,83,223197,"187cm / 6'2""",78kg / 172lbs,Right,83,ST,2,32500000.0,41000.0,0.0,388,60.0,87.0,81.0,78.0,82,379,83.0,74,78.0,62.0,82.0,375,72.0,71,80.0,80.0,72.0,413,83.0,89.0,77.0,82.0,82.0,338,75.0,29.0,80.0,70.0,84,76.0,111,34.0,43.0,34.0,56,8.0,14.0,8.0,13.0,13.0,2060,426,2,71,84,70,81,40,E. Ünal,ST,1,AFC Bournemouth,0,0
27,83,84,226851,"186cm / 6'1""",81kg / 179lbs,Right,84,CB,1,36500000.0,95000.0,64800000.0,369,76.0,49.0,84.0,79.0,81,341,68.0,66,51.0,79.0,77.0,364,71.0,75,66.0,84.0,68.0,399,80.0,88.0,81.0,80.0,70.0,338,75.0,86.0,60.0,66.0,51,78.0,254,85.0,86.0,83.0,53,9.0,7.0,15.0,7.0,15.0,2118,446,3,73,62,74,72,85,B. Pavard,"CB, RB",2,Inter,2023,2028
28,84,86,227127,"192cm / 6'4""",79kg / 174lbs,Right,84,GK,2,36000000.0,43000.0,78300000.0,89,12.0,13.0,13.0,36.0,15,105,19.0,14,17.0,29.0,26.0,275,40.0,46,70.0,79.0,40.0,254,60.0,68.0,42.0,73.0,11.0,124,34.0,20.0,11.0,35.0,24,55.0,49,14.0,17.0,18.0,415,84.0,79.0,80.0,86.0,86.0,1311,457,2,84,79,80,86,42,Álex Remiro,GK,1,Real Sociedad,2019,2027
31,85,85,208722,"174cm / 5'9""",69kg / 152lbs,Right,85,LM,0,44500000.0,74000.0,71200000.0,397,78.0,83.0,78.0,83.0,75,383,85.0,77,64.0,71.0,86.0,426,82.0,83,86.0,87.0,88.0,395,85.0,84.0,79.0,70.0,77.0,350,75.0,35.0,84.0,81.0,75,84.0,122,42.0,42.0,38.0,56,10.0,10.0,15.0,7.0,14.0,2129,447,4,83,81,79,86,44,S. Mané,"LM, RM, CF",3,Al Nassr,2023,2027
29,84,84,212616,"180cm / 5'11""",70kg / 154lbs,Right,84,CM,0,41000000.0,85000.0,86100000.0,368,78.0,76.0,58.0,85.0,71,412,82.0,84,76.0,85.0,85.0,393,80.0,76,78.0,81.0,78.0,408,80.0,79.0,92.0,79.0,78.0,392,82.0,80.0,78.0,86.0,66,81.0,231,75.0,81.0,75.0,56,13.0,12.0,10.0,7.0,14.0,2260,479,3,78,77,83,82,76,R. De Paul,CM,1,Atlético Madrid,2021,2026
29,86,86,216267,"178cm / 5'10""",64kg / 141lbs,Left,86,LB,0,59500000.0,170000.0,110100000.0,324,87.0,55.0,67.0,83.0,32,390,78.0,82,71.0,76.0,83.0,394,82.0,78,75.0,85.0,74.0,378,76.0,77.0,93.0,67.0,65.0,383,85.0,81.0,80.0,82.0,55,83.0,247,83.0,83.0,81.0,50,11.0,8.0,10.0,7.0,14.0,2166,462,3,80,61,82,80,81,A. Robertson,LB,1,Liverpool,2017,2026
30,86,86,202811,"195cm / 6'5""",88kg / 194lbs,Right,86,GK,0,45000000.0,105000.0,85500000.0,134,22.0,16.0,26.0,57.0,13,156,17.0,22,20.0,59.0,38.0,296,59.0,57,49.0,82.0,49.0,265,62.0,77.0,40.0,70.0,16.0,170,37.0,13.0,12.0,66.0,42,62.0,51,11.0,20.0,20.0,419,84.0,82.0,83.0,85.0,85.0,1491,477,3,84,82,83,85,58,E. Martínez,GK,1,Aston Villa,2020,2027
